run_id,chaos_mode,second_epoch,t_rel,clock,phase,req_count,ok_count,err_count,err_rate,p50_ms,p95_ms,max_ms,mean_ms,mean_queue_wait_ms,active_pods,pods_missing,pods,baseline_p95_ms,p95_ratio,p95_slope_5s,err_rate_roll5,time_since_fault,seconds_to_restabilize
run_20260725_202915_node,node,1784982555,-62,20:29:15,baseline,11,11,0,0.0,134.4,198.2,198.2,142.1,20.0,3,0,order-backend-84d78cc6d7-gmprk|order-backend-84d78cc6d7-lvns4|order-backend-84d78cc6d7-nzctx,212.3,0.934,0.0,0.0,-62,
run_20260725_202915_node,node,1784982556,-61,20:29:16,baseline,42,42,0,0.0,272.0,670.6,737.6,330.8,106.9,3,0,order-backend-84d78cc6d7-gmprk|order-backend-84d78cc6d7-lvns4|order-backend-84d78cc6d7-nzctx,212.3,3.159,94.48,0.0,-61,
run_20260725_202915_node,node,1784982557,-60,20:29:17,baseline,42,42,0,0.0,142.5,491.5,528.3,235.9,130.2,3,0,order-backend-84d78cc6d7-gmprk|order-backend-84d78cc6d7-lvns4|order-backend-84d78cc6d7-nzctx,212.3,2.315,58.66,0.0,-60,
run_20260725_202915_node,node,1784982558,-59,20:29:18,baseline,42,42,0,0.0,141.6,262.8,314.0,166.4,49.5,3,0,order-backend-84d78cc6d7-gmprk|order-backend-84d78cc6d7-lvns4|order-backend-84d78cc6d7-nzctx,212.3,1.238,12.92,0.0,-59,
run_20260725_202915_node,node,1784982559,-58,20:29:19,baseline,42,42,0,0.0,135.3,242.6,285.6,142.9,39.3,3,0,order-backend-84d78cc6d7-gmprk|order-backend-84d78cc6d7-lvns4|order-backend-84d78cc6d7-nzctx,212.3,1.143,8.88,0.0,-58,
run_20260725_202915_node,node,1784982560,-57,20:29:20,baseline,42,42,0,0.0,133.2,261.4,336.5,156.7,39.7,3,0,order-backend-84d78cc6d7-gmprk|order-backend-84d78cc6d7-lvns4|order-backend-84d78cc6d7-nzctx,212.3,1.231,12.64,0.0,-57,
run_20260725_202915_node,node,1784982561,-56,20:29:21,baseline,42,42,0,0.0,134.7,283.4,303.6,156.8,51.3,3,0,order-backend-84d78cc6d7-gmprk|order-backend-84d78cc6d7-lvns4|order-backend-84d78cc6d7-nzctx,212.3,1.335,-77.44,0.0,-56,
run_20260725_202915_node,node,1784982562,-55,20:29:22,baseline,41,41,0,0.0,104.7,161.7,187.1,115.3,11.1,3,0,order-backend-84d78cc6d7-gmprk|order-backend-84d78cc6d7-lvns4|order-backend-84d78cc6d7-nzctx,212.3,0.762,-65.96,0.0,-55,
run_20260725_202915_node,node,1784982563,-54,20:29:23,baseline,43,43,0,0.0,110.7,247.6,266.3,137.7,33.3,3,0,order-backend-84d78cc6d7-gmprk|order-backend-84d78cc6d7-lvns4|order-backend-84d78cc6d7-nzctx,212.3,1.166,-3.04,0.0,-54,
run_20260725_202915_node,node,1784982564,-53,20:29:24,baseline,41,41,0,0.0,134.8,212.3,216.0,140.4,33.7,3,0,order-backend-84d78cc6d7-gmprk|order-backend-84d78cc6d7-lvns4|order-backend-84d78cc6d7-nzctx,212.3,1.0,-6.06,0.0,-53,
run_20260725_202915_node,node,1784982565,-52,20:29:25,baseline,43,43,0,0.0,147.3,289.6,315.2,161.0,51.8,3,0,order-backend-84d78cc6d7-gmprk|order-backend-84d78cc6d7-lvns4|order-backend-84d78cc6d7-nzctx,212.3,1.364,5.64,0.0,-52,
run_20260725_202915_node,node,1784982566,-51,20:29:26,baseline,41,41,0,0.0,137.2,277.6,300.6,166.6,55.4,3,0,order-backend-84d78cc6d7-gmprk|order-backend-84d78cc6d7-lvns4|order-backend-84d78cc6d7-nzctx,212.3,1.308,-1.16,0.0,-51,
run_20260725_202915_node,node,1784982567,-50,20:29:27,baseline,42,42,0,0.0,112.1,198.2,289.4,134.3,30.4,3,0,order-backend-84d78cc6d7-gmprk|order-backend-84d78cc6d7-lvns4|order-backend-84d78cc6d7-nzctx,212.3,0.934,7.3,0.0,-50,
run_20260725_202915_node,node,1784982568,-49,20:29:28,baseline,42,42,0,0.0,104.1,187.3,213.7,122.8,19.4,3,0,order-backend-84d78cc6d7-gmprk|order-backend-84d78cc6d7-lvns4|order-backend-84d78cc6d7-nzctx,212.3,0.882,-12.06,0.0,-49,
run_20260725_202915_node,node,1784982569,-48,20:29:29,baseline,42,42,0,0.0,106.5,238.9,291.1,131.7,28.3,3,0,order-backend-84d78cc6d7-gmprk|order-backend-84d78cc6d7-lvns4|order-backend-84d78cc6d7-nzctx,212.3,1.125,5.32,0.0,-48,
run_20260725_202915_node,node,1784982570,-47,20:29:30,baseline,42,42,0,0.0,110.3,192.1,221.3,131.5,28.6,3,0,order-backend-84d78cc6d7-gmprk|order-backend-84d78cc6d7-lvns4|order-backend-84d78cc6d7-nzctx,212.3,0.905,-19.5,0.0,-47,
run_20260725_202915_node,node,1784982571,-46,20:29:31,baseline,42,42,0,0.0,105.3,167.4,173.0,119.4,14.9,3,0,order-backend-84d78cc6d7-gmprk|order-backend-84d78cc6d7-lvns4|order-backend-84d78cc6d7-nzctx,212.3,0.789,-22.04,0.0,-46,
run_20260725_202915_node,node,1784982572,-45,20:29:32,baseline,42,42,0,0.0,104.8,164.4,174.3,122.9,19.6,3,0,order-backend-84d78cc6d7-gmprk|order-backend-84d78cc6d7-lvns4|order-backend-84d78cc6d7-nzctx,212.3,0.774,-6.76,0.0,-45,
run_20260725_202915_node,node,1784982573,-44,20:29:33,baseline,42,42,0,0.0,107.7,186.5,237.5,127.9,23.0,3,0,order-backend-84d78cc6d7-gmprk|order-backend-84d78cc6d7-lvns4|order-backend-84d78cc6d7-nzctx,212.3,0.878,-0.16,0.0,-44,
run_20260725_202915_node,node,1784982574,-43,20:29:34,baseline,41,41,0,0.0,117.2,213.6,225.0,137.0,32.4,3,0,order-backend-84d78cc6d7-gmprk|order-backend-84d78cc6d7-lvns4|order-backend-84d78cc6d7-nzctx,212.3,1.006,-5.06,0.0,-43,
run_20260725_202915_node,node,1784982575,-42,20:29:35,baseline,43,43,0,0.0,105.1,185.6,188.7,121.0,17.4,3,0,order-backend-84d78cc6d7-gmprk|order-backend-84d78cc6d7-lvns4|order-backend-84d78cc6d7-nzctx,212.3,0.874,-1.3,0.0,-42,
run_20260725_202915_node,node,1784982576,-41,20:29:36,baseline,42,42,0,0.0,110.1,190.8,229.5,129.5,25.5,3,0,order-backend-84d78cc6d7-gmprk|order-backend-84d78cc6d7-lvns4|order-backend-84d78cc6d7-nzctx,212.3,0.899,4.68,0.0,-41,
run_20260725_202915_node,node,1784982577,-40,20:29:37,baseline,42,42,0,0.0,107.0,275.2,289.2,146.9,43.1,3,0,order-backend-84d78cc6d7-gmprk|order-backend-84d78cc6d7-lvns4|order-backend-84d78cc6d7-nzctx,212.3,1.296,22.16,0.0,-40,
run_20260725_202915_node,node,1784982578,-39,20:29:38,baseline,42,42,0,0.0,106.5,165.1,183.9,120.0,15.2,3,0,order-backend-84d78cc6d7-gmprk|order-backend-84d78cc6d7-lvns4|order-backend-84d78cc6d7-nzctx,212.3,0.778,-4.28,0.0,-39,
run_20260725_202915_node,node,1784982579,-38,20:29:39,baseline,42,42,0,0.0,105.2,190.5,233.5,126.4,22.6,3,0,order-backend-84d78cc6d7-gmprk|order-backend-84d78cc6d7-lvns4|order-backend-84d78cc6d7-nzctx,212.3,0.897,-4.62,0.0,-38,
run_20260725_202915_node,node,1784982580,-37,20:29:40,baseline,41,41,0,0.0,106.5,163.9,188.8,119.3,15.4,3,0,order-backend-84d78cc6d7-gmprk|order-backend-84d78cc6d7-lvns4|order-backend-84d78cc6d7-nzctx,212.3,0.772,-4.34,0.0,-37,
run_20260725_202915_node,node,1784982581,-36,20:29:41,baseline,43,43,0,0.0,110.8,189.6,214.4,125.5,21.1,3,0,order-backend-84d78cc6d7-gmprk|order-backend-84d78cc6d7-lvns4|order-backend-84d78cc6d7-nzctx,212.3,0.893,-0.24,0.0,-36,
run_20260725_202915_node,node,1784982582,-35,20:29:42,baseline,42,42,0,0.0,106.6,186.4,192.8,124.2,20.7,3,0,order-backend-84d78cc6d7-gmprk|order-backend-84d78cc6d7-lvns4|order-backend-84d78cc6d7-nzctx,212.3,0.878,-17.76,0.0,-35,
run_20260725_202915_node,node,1784982583,-34,20:29:43,baseline,41,41,0,0.0,110.6,193.1,231.7,131.1,25.8,3,0,order-backend-84d78cc6d7-gmprk|order-backend-84d78cc6d7-lvns4|order-backend-84d78cc6d7-nzctx,212.3,0.91,5.6,0.0,-34,
run_20260725_202915_node,node,1784982584,-33,20:29:44,baseline,43,43,0,0.0,118.2,274.8,298.6,148.8,43.9,3,0,order-backend-84d78cc6d7-gmprk|order-backend-84d78cc6d7-lvns4|order-backend-84d78cc6d7-nzctx,212.3,1.294,16.86,0.0,-33,
run_20260725_202915_node,node,1784982585,-32,20:29:45,baseline,42,42,0,0.0,110.6,194.2,204.4,127.3,22.7,3,0,order-backend-84d78cc6d7-gmprk|order-backend-84d78cc6d7-lvns4|order-backend-84d78cc6d7-nzctx,212.3,0.915,6.06,0.0,-32,
run_20260725_202915_node,node,1784982586,-31,20:29:46,baseline,42,42,0,0.0,108.3,184.5,252.2,128.3,22.4,3,0,order-backend-84d78cc6d7-gmprk|order-backend-84d78cc6d7-lvns4|order-backend-84d78cc6d7-nzctx,212.3,0.869,-1.02,0.0,-31,
run_20260725_202915_node,node,1784982587,-30,20:29:47,baseline,42,42,0,0.0,104.9,199.3,211.8,128.1,24.8,3,0,order-backend-84d78cc6d7-gmprk|order-backend-84d78cc6d7-lvns4|order-backend-84d78cc6d7-nzctx,212.3,0.939,2.58,0.0,-30,
run_20260725_202915_node,node,1784982588,-29,20:29:48,baseline,42,42,0,0.0,128.9,219.1,223.9,141.8,36.6,3,0,order-backend-84d78cc6d7-gmprk|order-backend-84d78cc6d7-lvns4|order-backend-84d78cc6d7-nzctx,212.3,1.032,5.2,0.0,-29,
run_20260725_202915_node,node,1784982589,-28,20:29:49,baseline,42,42,0,0.0,133.4,201.4,253.5,140.1,36.8,3,0,order-backend-84d78cc6d7-gmprk|order-backend-84d78cc6d7-lvns4|order-backend-84d78cc6d7-nzctx,212.3,0.949,-14.68,0.0,-28,
run_20260725_202915_node,node,1784982590,-27,20:29:50,baseline,41,41,0,0.0,103.8,154.3,194.0,113.3,10.4,3,0,order-backend-84d78cc6d7-gmprk|order-backend-84d78cc6d7-lvns4|order-backend-84d78cc6d7-nzctx,212.3,0.727,-7.98,0.0,-27,
run_20260725_202915_node,node,1784982591,-26,20:29:51,baseline,35,35,0,0.0,218.1,1337.8,1541.2,554.0,61.6,3,0,order-backend-84d78cc6d7-gmprk|order-backend-84d78cc6d7-lvns4|order-backend-84d78cc6d7-nzctx,212.3,6.301,230.66,0.0,-26,
run_20260725_202915_node,node,1784982592,-25,20:29:52,baseline,0,0,0,0.0,0.0,0.0,0.0,0.0,0.0,0,3,,212.3,0.0,-39.86,0.0,-25,
run_20260725_202915_node,node,1784982593,-24,20:29:53,baseline,88,88,0,0.0,605.6,1555.0,2274.0,770.8,607.9,3,0,order-backend-84d78cc6d7-gmprk|order-backend-84d78cc6d7-lvns4|order-backend-84d78cc6d7-nzctx,212.3,7.325,267.18,0.0,-24,
run_20260725_202915_node,node,1784982594,-23,20:29:54,baseline,29,29,0,0.0,787.0,1347.0,1351.7,809.6,636.3,3,0,order-backend-84d78cc6d7-gmprk|order-backend-84d78cc6d7-lvns4|order-backend-84d78cc6d7-nzctx,212.3,6.345,229.12,0.0,-23,
run_20260725_202915_node,node,1784982595,-22,20:29:55,baseline,46,46,0,0.0,918.5,1025.9,1881.9,858.8,744.2,3,0,order-backend-84d78cc6d7-gmprk|order-backend-84d78cc6d7-lvns4|order-backend-84d78cc6d7-nzctx,212.3,4.832,174.32,0.0,-22,
run_20260725_202915_node,node,1784982596,-21,20:29:56,baseline,44,44,0,0.0,627.0,956.5,974.2,558.5,452.3,3,0,order-backend-84d78cc6d7-gmprk|order-backend-84d78cc6d7-lvns4|order-backend-84d78cc6d7-nzctx,212.3,4.505,-76.26,0.0,-21,
run_20260725_202915_node,node,1784982597,-20,20:29:57,baseline,41,41,0,0.0,376.2,497.7,555.1,318.7,211.9,3,0,order-backend-84d78cc6d7-gmprk|order-backend-84d78cc6d7-lvns4|order-backend-84d78cc6d7-nzctx,212.3,2.344,99.54,0.0,-20,
run_20260725_202915_node,node,1784982598,-19,20:29:58,baseline,41,41,0,0.0,161.7,325.5,377.4,181.6,73.6,3,0,order-backend-84d78cc6d7-gmprk|order-backend-84d78cc6d7-lvns4|order-backend-84d78cc6d7-nzctx,212.3,1.533,-245.9,0.0,-19,
run_20260725_202915_node,node,1784982599,-18,20:29:59,baseline,28,28,0,0.0,135.3,1469.5,1700.2,347.1,127.1,3,0,order-backend-84d78cc6d7-gmprk|order-backend-84d78cc6d7-lvns4|order-backend-84d78cc6d7-nzctx,212.3,6.922,24.5,0.0,-18,
run_20260725_202915_node,node,1784982600,-17,20:30:00,baseline,56,56,0,0.0,386.7,668.8,774.8,390.6,231.4,3,0,order-backend-84d78cc6d7-gmprk|order-backend-84d78cc6d7-lvns4|order-backend-84d78cc6d7-nzctx,212.3,3.15,-71.42,0.0,-17,
run_20260725_202915_node,node,1784982601,-16,20:30:01,baseline,41,41,0,0.0,252.4,383.3,445.6,232.9,129.5,3,0,order-backend-84d78cc6d7-gmprk|order-backend-84d78cc6d7-lvns4|order-backend-84d78cc6d7-nzctx,212.3,1.805,-114.64,0.0,-16,
run_20260725_202915_node,node,1784982602,-15,20:30:02,baseline,42,42,0,0.0,112.2,242.5,301.2,143.6,38.7,3,0,order-backend-84d78cc6d7-gmprk|order-backend-84d78cc6d7-lvns4|order-backend-84d78cc6d7-nzctx,212.3,1.142,-51.04,0.0,-15,
run_20260725_202915_node,node,1784982603,-14,20:30:03,baseline,43,43,0,0.0,106.0,194.5,200.3,124.6,19.4,3,0,order-backend-84d78cc6d7-gmprk|order-backend-84d78cc6d7-lvns4|order-backend-84d78cc6d7-nzctx,212.3,0.916,-26.2,0.0,-14,
run_20260725_202915_node,node,1784982604,-13,20:30:04,baseline,42,42,0,0.0,105.7,168.7,207.7,119.5,16.3,3,0,order-backend-84d78cc6d7-gmprk|order-backend-84d78cc6d7-lvns4|order-backend-84d78cc6d7-nzctx,212.3,0.795,-260.16,0.0,-13,
run_20260725_202915_node,node,1784982605,-12,20:30:05,baseline,42,42,0,0.0,105.1,159.2,163.3,118.0,14.4,3,0,order-backend-84d78cc6d7-gmprk|order-backend-84d78cc6d7-lvns4|order-backend-84d78cc6d7-nzctx,212.3,0.75,-101.92,0.0,-12,
run_20260725_202915_node,node,1784982606,-11,20:30:06,baseline,42,42,0,0.0,105.3,196.6,229.7,128.5,25.3,3,0,order-backend-84d78cc6d7-gmprk|order-backend-84d78cc6d7-lvns4|order-backend-84d78cc6d7-nzctx,212.3,0.926,-37.34,0.0,-11,
run_20260725_202915_node,node,1784982607,-10,20:30:07,baseline,42,42,0,0.0,110.4,188.9,198.2,128.5,25.5,3,0,order-backend-84d78cc6d7-gmprk|order-backend-84d78cc6d7-lvns4|order-backend-84d78cc6d7-nzctx,212.3,0.89,-10.72,0.0,-10,
run_20260725_202915_node,node,1784982608,-9,20:30:08,baseline,42,42,0,0.0,120.0,218.1,250.8,136.1,32.9,3,0,order-backend-84d78cc6d7-gmprk|order-backend-84d78cc6d7-lvns4|order-backend-84d78cc6d7-nzctx,212.3,1.027,4.72,0.0,-9,
run_20260725_202915_node,node,1784982609,-8,20:30:09,baseline,42,42,0,0.0,107.5,169.0,230.5,121.5,17.3,3,0,order-backend-84d78cc6d7-gmprk|order-backend-84d78cc6d7-lvns4|order-backend-84d78cc6d7-nzctx,212.3,0.796,0.06,0.0,-8,
run_20260725_202915_node,node,1784982610,-7,20:30:10,baseline,42,42,0,0.0,131.8,304.1,330.7,160.7,57.3,3,0,order-backend-84d78cc6d7-gmprk|order-backend-84d78cc6d7-lvns4|order-backend-84d78cc6d7-nzctx,212.3,1.432,28.98,0.0,-7,
run_20260725_202915_node,node,1784982611,-6,20:30:11,baseline,42,42,0,0.0,113.8,239.2,267.8,148.6,44.4,3,0,order-backend-84d78cc6d7-gmprk|order-backend-84d78cc6d7-lvns4|order-backend-84d78cc6d7-nzctx,212.3,1.127,8.52,0.0,-6,
run_20260725_202915_node,node,1784982612,-5,20:30:12,baseline,41,41,0,0.0,109.9,184.8,198.6,125.3,21.1,3,0,order-backend-84d78cc6d7-gmprk|order-backend-84d78cc6d7-lvns4|order-backend-84d78cc6d7-nzctx,212.3,0.87,-0.82,0.0,-5,
run_20260725_202915_node,node,1784982613,-4,20:30:13,baseline,43,43,0,0.0,117.0,211.2,259.3,133.2,28.2,3,0,order-backend-84d78cc6d7-gmprk|order-backend-84d78cc6d7-lvns4|order-backend-84d78cc6d7-nzctx,212.3,0.995,-1.38,0.0,-4,
run_20260725_202915_node,node,1784982614,-3,20:30:14,baseline,42,42,0,0.0,138.4,275.4,304.0,155.1,49.4,3,0,order-backend-84d78cc6d7-gmprk|order-backend-84d78cc6d7-lvns4|order-backend-84d78cc6d7-nzctx,212.3,1.297,21.28,0.0,-3,
run_20260725_202915_node,node,1784982615,-2,20:30:15,baseline,42,42,0,0.0,108.8,214.6,224.5,135.7,31.8,3,0,order-backend-84d78cc6d7-gmprk|order-backend-84d78cc6d7-lvns4|order-backend-84d78cc6d7-nzctx,212.3,1.011,-17.9,0.0,-2,
run_20260725_202915_node,node,1784982616,-1,20:30:16,baseline,42,42,0,0.0,105.6,157.8,159.7,114.2,9.9,3,0,order-backend-84d78cc6d7-gmprk|order-backend-84d78cc6d7-lvns4|order-backend-84d78cc6d7-nzctx,212.3,0.743,-16.28,0.0,-1,
run_20260725_202915_node,node,1784982617,0,20:30:17,recovering,42,42,0,0.0,103.7,137.9,168.1,110.3,7.1,3,0,order-backend-84d78cc6d7-gmprk|order-backend-84d78cc6d7-lvns4|order-backend-84d78cc6d7-nzctx,212.3,0.65,-9.38,0.0,0,88
run_20260725_202915_node,node,1784982618,1,20:30:18,recovering,42,37,5,0.119,107.1,167.7,218.5,114.7,23.0,3,0,order-backend-84d78cc6d7-gmprk|order-backend-84d78cc6d7-lvns4|order-backend-84d78cc6d7-nzctx,212.3,0.79,-8.7,0.0238,1,87
run_20260725_202915_node,node,1784982619,2,20:30:19,blackhole,42,24,18,0.4286,103.3,5007.3,5009.0,897.1,5.7,2,1,order-backend-84d78cc6d7-gmprk|order-backend-84d78cc6d7-nzctx,212.3,23.586,946.38,0.1095,2,86
run_20260725_202915_node,node,1784982620,3,20:30:20,blackhole,42,29,13,0.3095,119.6,5008.5,5015.2,1631.2,14.0,2,1,order-backend-84d78cc6d7-gmprk|order-backend-84d78cc6d7-nzctx,212.3,23.592,958.78,0.1714,3,85
run_20260725_202915_node,node,1784982621,4,20:30:21,blackhole,42,27,15,0.3571,155.2,5010.5,5012.4,1874.0,29.2,2,1,order-backend-84d78cc6d7-gmprk|order-backend-84d78cc6d7-nzctx,212.3,23.601,970.54,0.2428,4,84
run_20260725_202915_node,node,1784982622,5,20:30:22,blackhole,42,25,17,0.4048,133.4,5008.9,5010.1,2096.7,13.9,2,1,order-backend-84d78cc6d7-gmprk|order-backend-84d78cc6d7-nzctx,212.3,23.593,974.2,0.3238,5,83
run_20260725_202915_node,node,1784982623,6,20:30:23,blackhole,42,27,15,0.3571,129.1,5009.8,5012.4,1864.1,12.4,2,1,order-backend-84d78cc6d7-gmprk|order-backend-84d78cc6d7-nzctx,212.3,23.598,968.42,0.3714,6,82
run_20260725_202915_node,node,1784982624,7,20:30:24,blackhole,42,28,14,0.3333,154.1,5012.4,5014.7,1757.1,26.5,2,1,order-backend-84d78cc6d7-gmprk|order-backend-84d78cc6d7-nzctx,212.3,23.61,1.02,0.3524,7,81
run_20260725_202915_node,node,1784982625,8,20:30:25,blackhole,42,35,7,0.1667,159.1,5007.9,5008.2,974.9,64.4,2,1,order-backend-84d78cc6d7-gmprk|order-backend-84d78cc6d7-nzctx,212.3,23.589,-0.12,0.3238,8,80
run_20260725_202915_node,node,1784982626,9,20:30:26,blackhole,42,27,15,0.3571,197.2,5010.4,5018.4,1890.6,53.6,2,1,order-backend-84d78cc6d7-gmprk|order-backend-84d78cc6d7-nzctx,212.3,23.601,-0.02,0.3238,9,79
run_20260725_202915_node,node,1784982627,10,20:30:27,blackhole,42,26,16,0.381,113.3,5010.5,5014.6,1976.2,6.8,2,1,order-backend-84d78cc6d7-gmprk|order-backend-84d78cc6d7-nzctx,212.3,23.601,0.32,0.319,10,78
run_20260725_202915_node,node,1784982628,11,20:30:28,blackhole,42,29,13,0.3095,108.5,5008.6,5010.0,1630.1,13.0,2,1,order-backend-84d78cc6d7-gmprk|order-backend-84d78cc6d7-nzctx,212.3,23.592,-0.24,0.3095,11,77
run_20260725_202915_node,node,1784982629,12,20:30:29,blackhole,41,27,14,0.3415,135.5,5010.3,5011.4,1793.1,21.3,2,1,order-backend-84d78cc6d7-gmprk|order-backend-84d78cc6d7-nzctx,212.3,23.6,-0.42,0.3112,12,76
run_20260725_202915_node,node,1784982630,13,20:30:30,blackhole,43,31,12,0.2791,177.0,5011.9,5019.5,1502.9,40.3,2,1,order-backend-84d78cc6d7-gmprk|order-backend-84d78cc6d7-nzctx,212.3,23.608,0.8,0.3336,13,75
run_20260725_202915_node,node,1784982631,14,20:30:31,blackhole,42,31,11,0.2619,194.4,5009.8,5011.6,1430.8,56.5,2,1,order-backend-84d78cc6d7-gmprk|order-backend-84d78cc6d7-nzctx,212.3,23.598,-0.12,0.3146,14,74
run_20260725_202915_node,node,1784982632,15,20:30:32,blackhole,41,27,14,0.3415,123.6,5010.0,5012.4,1786.4,11.0,2,1,order-backend-84d78cc6d7-gmprk|order-backend-84d78cc6d7-nzctx,212.3,23.599,-0.1,0.3067,15,73
run_20260725_202915_node,node,1784982633,16,20:30:33,blackhole,43,31,12,0.2791,305.1,5008.6,5012.0,1558.3,117.7,2,1,order-backend-84d78cc6d7-gmprk|order-backend-84d78cc6d7-nzctx,212.3,23.592,0.0,0.3006,16,72
run_20260725_202915_node,node,1784982634,17,20:30:34,blackhole,41,28,13,0.3171,221.9,5014.8,5024.0,1727.2,95.4,2,1,order-backend-84d78cc6d7-gmprk|order-backend-84d78cc6d7-nzctx,212.3,23.621,0.9,0.2957,17,71
run_20260725_202915_node,node,1784982635,18,20:30:35,blackhole,43,31,12,0.2791,157.9,5009.5,5010.5,1498.8,35.7,2,1,order-backend-84d78cc6d7-gmprk|order-backend-84d78cc6d7-nzctx,212.3,23.596,-0.48,0.2957,18,70
run_20260725_202915_node,node,1784982636,19,20:30:36,blackhole,42,28,14,0.3333,160.6,5010.5,5013.2,1760.7,31.8,2,1,order-backend-84d78cc6d7-gmprk|order-backend-84d78cc6d7-nzctx,212.3,23.601,0.14,0.31,19,69
run_20260725_202915_node,node,1784982637,20,20:30:37,blackhole,42,32,10,0.2381,135.2,5009.8,5011.2,1293.7,28.6,2,1,order-backend-84d78cc6d7-gmprk|order-backend-84d78cc6d7-nzctx,212.3,23.598,-0.04,0.2893,20,68
run_20260725_202915_node,node,1784982638,21,20:30:38,blackhole,42,30,12,0.2857,149.2,5009.6,5012.8,1532.7,38.9,2,1,order-backend-84d78cc6d7-gmprk|order-backend-84d78cc6d7-nzctx,212.3,23.597,0.2,0.2907,21,67
run_20260725_202915_node,node,1784982639,22,20:30:39,blackhole,41,28,13,0.3171,204.9,5153.0,5323.1,1714.2,55.4,2,1,order-backend-84d78cc6d7-gmprk|order-backend-84d78cc6d7-nzctx,212.3,24.272,27.64,0.2907,22,66
run_20260725_202915_node,node,1784982640,23,20:30:40,blackhole,43,23,20,0.4651,135.9,5054.4,5124.4,2394.6,2.7,2,1,order-backend-84d78cc6d7-gmprk|order-backend-84d78cc6d7-nzctx,212.3,23.808,8.98,0.3279,23,65
run_20260725_202915_node,node,1784982641,24,20:30:41,blackhole,41,24,17,0.4146,154.8,5012.1,5013.4,2150.1,20.0,2,1,order-backend-84d78cc6d7-gmprk|order-backend-84d78cc6d7-nzctx,212.3,23.609,0.32,0.3441,24,64
run_20260725_202915_node,node,1784982642,25,20:30:42,blackhole,43,30,13,0.3023,140.5,5009.8,5010.9,1602.7,22.7,2,1,order-backend-84d78cc6d7-gmprk|order-backend-84d78cc6d7-nzctx,212.3,23.598,0.0,0.357,25,63
run_20260725_202915_node,node,1784982643,26,20:30:43,blackhole,42,32,10,0.2381,159.4,5009.8,5026.2,1304.6,43.1,2,1,order-backend-84d78cc6d7-gmprk|order-backend-84d78cc6d7-nzctx,212.3,23.598,0.04,0.3474,26,62
run_20260725_202915_node,node,1784982644,27,20:30:44,blackhole,42,31,11,0.2619,224.4,5010.3,5012.8,1504.3,50.1,2,1,order-backend-84d78cc6d7-gmprk|order-backend-84d78cc6d7-nzctx,212.3,23.6,-28.54,0.3364,27,61
run_20260725_202915_node,node,1784982645,28,20:30:45,blackhole,42,27,15,0.3571,482.3,5013.8,5018.4,1983.9,186.5,2,1,order-backend-84d78cc6d7-gmprk|order-backend-84d78cc6d7-nzctx,212.3,23.617,-8.12,0.3148,28,60
run_20260725_202915_node,node,1784982646,29,20:30:46,blackhole,41,31,10,0.2439,272.2,5009.6,5024.6,1380.6,106.7,2,1,order-backend-84d78cc6d7-gmprk|order-backend-84d78cc6d7-nzctx,212.3,23.597,-0.5,0.2807,29,59
run_20260725_202915_node,node,1784982647,30,20:30:47,blackhole,43,29,14,0.3256,196.8,5008.5,5010.6,1731.2,45.9,2,1,order-backend-84d78cc6d7-gmprk|order-backend-84d78cc6d7-nzctx,212.3,23.592,-0.26,0.2853,30,58
run_20260725_202915_node,node,1784982648,31,20:30:48,blackhole,42,29,13,0.3095,159.5,5009.1,5011.6,1647.1,37.4,2,1,order-backend-84d78cc6d7-gmprk|order-backend-84d78cc6d7-nzctx,212.3,23.594,-0.14,0.2996,31,57
run_20260725_202915_node,node,1784982649,32,20:30:49,blackhole,41,28,13,0.3171,197.2,5011.7,5012.9,1699.9,59.5,2,1,order-backend-84d78cc6d7-gmprk|order-backend-84d78cc6d7-nzctx,212.3,23.607,0.28,0.3106,32,56
run_20260725_202915_node,node,1784982650,33,20:30:50,blackhole,43,29,14,0.3256,156.3,5008.9,5013.1,1719.1,26.9,2,1,order-backend-84d78cc6d7-gmprk|order-backend-84d78cc6d7-nzctx,212.3,23.593,-0.98,0.3043,33,55
run_20260725_202915_node,node,1784982651,34,20:30:51,blackhole,42,28,14,0.3333,225.1,5009.3,5010.6,1784.6,68.1,2,1,order-backend-84d78cc6d7-gmprk|order-backend-84d78cc6d7-nzctx,212.3,23.595,-0.06,0.3222,34,54
run_20260725_202915_node,node,1784982652,35,20:30:52,blackhole,41,27,14,0.3415,143.9,5008.7,5010.4,1793.3,21.4,2,1,order-backend-84d78cc6d7-gmprk|order-backend-84d78cc6d7-nzctx,212.3,23.593,0.04,0.3254,35,53
run_20260725_202915_node,node,1784982653,36,20:30:53,blackhole,43,28,15,0.3488,192.3,5011.5,5012.9,1848.2,49.3,2,1,order-backend-84d78cc6d7-gmprk|order-backend-84d78cc6d7-nzctx,212.3,23.606,0.48,0.3333,36,52
run_20260725_202915_node,node,1784982654,37,20:30:54,blackhole,42,28,14,0.3333,118.9,5010.5,5014.0,1744.6,7.5,2,1,order-backend-84d78cc6d7-gmprk|order-backend-84d78cc6d7-nzctx,212.3,23.601,-0.24,0.3365,37,51
run_20260725_202915_node,node,1784982655,38,20:30:55,blackhole,41,26,15,0.3659,146.2,5010.1,5011.6,1909.7,18.4,2,1,order-backend-84d78cc6d7-gmprk|order-backend-84d78cc6d7-nzctx,212.3,23.599,0.24,0.3446,38,50
run_20260725_202915_node,node,1784982656,39,20:30:56,blackhole,43,24,19,0.4419,164.0,5012.5,5019.7,2280.7,17.1,2,1,order-backend-84d78cc6d7-gmprk|order-backend-84d78cc6d7-nzctx,212.3,23.61,0.64,0.3663,39,49
run_20260725_202915_node,node,1784982657,40,20:30:57,blackhole,42,27,15,0.3571,136.2,5009.1,5015.3,1867.3,18.0,2,1,order-backend-84d78cc6d7-gmprk|order-backend-84d78cc6d7-nzctx,212.3,23.594,0.08,0.3694,40,48
run_20260725_202915_node,node,1784982658,41,20:30:58,blackhole,42,35,7,0.1667,165.8,5010.8,5012.4,961.5,48.0,2,1,order-backend-84d78cc6d7-gmprk|order-backend-84d78cc6d7-nzctx,212.3,23.602,-0.14,0.333,41,47
run_20260725_202915_node,node,1784982659,42,20:30:59,blackhole,42,28,14,0.3333,202.8,5009.3,5011.3,1783.2,65.3,2,1,order-backend-84d78cc6d7-gmprk|order-backend-84d78cc6d7-nzctx,212.3,23.595,-0.24,0.333,42,46
run_20260725_202915_node,node,1784982660,43,20:31:00,blackhole,41,28,13,0.3171,156.7,5010.8,5012.3,1677.4,25.2,2,1,order-backend-84d78cc6d7-gmprk|order-backend-84d78cc6d7-nzctx,212.3,23.602,0.14,0.3232,43,45
run_20260725_202915_node,node,1784982661,44,20:31:01,blackhole,43,29,14,0.3256,138.3,5009.8,5014.2,1713.1,17.7,2,1,order-backend-84d78cc6d7-gmprk|order-backend-84d78cc6d7-nzctx,212.3,23.598,-0.54,0.3,44,44
run_20260725_202915_node,node,1784982662,45,20:31:02,brownout,42,42,0,0.0,227.6,296.9,348.6,216.2,113.0,2,1,order-backend-84d78cc6d7-gmprk|order-backend-84d78cc6d7-nzctx,212.3,1.398,-942.44,0.2285,45,43
run_20260725_202915_node,node,1784982663,46,20:31:03,blackhole,42,38,4,0.0952,295.1,5010.3,5026.6,725.9,170.4,2,1,order-backend-84d78cc6d7-gmprk|order-backend-84d78cc6d7-nzctx,212.3,23.6,-0.1,0.2142,46,42
run_20260725_202915_node,node,1784982664,47,20:31:04,blackhole,42,39,3,0.0714,387.2,4549.6,4951.6,649.2,229.0,2,1,order-backend-84d78cc6d7-gmprk|order-backend-84d78cc6d7-nzctx,212.3,21.43,-91.94,0.1619,47,41
run_20260725_202915_node,node,1784982665,48,20:31:05,brownout,42,42,0,0.0,602.7,954.1,1469.9,562.6,458.1,2,1,order-backend-84d78cc6d7-gmprk|order-backend-84d78cc6d7-nzctx,212.3,4.494,-811.34,0.0984,48,40
run_20260725_202915_node,node,1784982666,49,20:31:06,brownout,42,42,0,0.0,937.5,1079.4,1111.4,603.2,498.2,2,1,order-backend-84d78cc6d7-gmprk|order-backend-84d78cc6d7-nzctx,212.3,5.084,-786.08,0.0333,49,39
run_20260725_202915_node,node,1784982667,50,20:31:07,brownout,41,41,0,0.0,1076.1,1166.3,2147.5,714.8,610.2,2,1,order-backend-84d78cc6d7-gmprk|order-backend-84d78cc6d7-nzctx,212.3,5.494,173.88,0.0333,50,38
run_20260725_202915_node,node,1784982668,51,20:31:08,brownout,43,43,0,0.0,348.1,1250.9,1266.8,662.7,557.1,2,1,order-backend-84d78cc6d7-gmprk|order-backend-84d78cc6d7-nzctx,212.3,5.892,-751.88,0.0143,51,37
run_20260725_202915_node,node,1784982669,52,20:31:09,brownout,41,41,0,0.0,401.4,1337.5,1347.7,757.8,652.2,2,1,order-backend-84d78cc6d7-gmprk|order-backend-84d78cc6d7-nzctx,212.3,6.3,-642.42,0.0,52,36
run_20260725_202915_node,node,1784982670,53,20:31:10,brownout,42,42,0,0.0,621.5,1229.7,2014.3,823.4,718.3,2,1,order-backend-84d78cc6d7-gmprk|order-backend-84d78cc6d7-nzctx,212.3,5.792,55.12,0.0,53,35
run_20260725_202915_node,node,1784982671,54,20:31:11,blackhole,43,42,1,0.0233,872.1,1136.6,3068.8,947.4,792.8,2,1,order-backend-84d78cc6d7-gmprk|order-backend-84d78cc6d7-nzctx,212.3,5.354,11.44,0.0047,54,34
run_20260725_202915_node,node,1784982672,55,20:31:12,blackhole,41,40,1,0.0244,1068.6,1182.3,2969.3,1000.0,846.6,2,1,order-backend-84d78cc6d7-gmprk|order-backend-84d78cc6d7-nzctx,212.3,5.569,3.2,0.0095,55,33
run_20260725_202915_node,node,1784982673,56,20:31:13,blackhole,43,40,3,0.0698,970.8,1879.8,5015.5,1182.4,869.4,2,1,order-backend-84d78cc6d7-gmprk|order-backend-84d78cc6d7-nzctx,212.3,8.854,125.78,0.0235,56,32
run_20260725_202915_node,node,1784982674,57,20:31:14,blackhole,42,41,1,0.0238,1013.0,1086.0,5011.8,1078.2,878.4,2,1,order-backend-84d78cc6d7-gmprk|order-backend-84d78cc6d7-nzctx,212.3,5.115,-50.3,0.0283,57,31
run_20260725_202915_node,node,1784982675,58,20:31:15,blackhole,41,35,6,0.1463,1040.4,5008.0,5009.3,1459.5,866.1,2,1,order-backend-84d78cc6d7-gmprk|order-backend-84d78cc6d7-nzctx,212.3,23.589,755.66,0.0575,58,30
run_20260725_202915_node,node,1784982676,59,20:31:16,blackhole,42,40,2,0.0476,1030.4,1156.1,5006.2,1145.5,847.9,2,1,order-backend-84d78cc6d7-gmprk|order-backend-84d78cc6d7-nzctx,212.3,5.446,3.9,0.0624,59,29
run_20260725_202915_node,node,1784982677,60,20:31:17,blackhole,43,38,5,0.1163,981.8,5007.4,5010.2,1355.8,824.3,2,1,order-backend-84d78cc6d7-gmprk|order-backend-84d78cc6d7-nzctx,212.3,23.586,765.02,0.0808,60,28
run_20260725_202915_node,node,1784982678,61,20:31:18,blackhole,42,39,3,0.0714,883.0,3017.9,5014.7,1112.1,754.6,2,1,order-backend-84d78cc6d7-gmprk|order-backend-84d78cc6d7-nzctx,212.3,14.215,227.62,0.0811,61,27
run_20260725_202915_node,node,1784982679,62,20:31:19,blackhole,42,38,4,0.0952,883.4,5007.4,5009.0,1271.9,773.1,2,1,order-backend-84d78cc6d7-gmprk|order-backend-84d78cc6d7-nzctx,212.3,23.586,784.28,0.0954,62,26
run_20260725_202915_node,node,1784982680,63,20:31:20,blackhole,42,37,5,0.119,866.3,5007.5,5013.4,1295.8,689.5,2,1,order-backend-84d78cc6d7-gmprk|order-backend-84d78cc6d7-nzctx,212.3,23.587,-0.1,0.0899,63,25
run_20260725_202915_node,node,1784982681,64,20:31:21,blackhole,42,40,2,0.0476,965.6,1107.4,5011.0,1009.3,703.2,2,1,order-backend-84d78cc6d7-gmprk|order-backend-84d78cc6d7-nzctx,212.3,5.216,-9.74,0.0899,64,24
run_20260725_202915_node,node,1784982682,65,20:31:22,brownout,42,42,0,0.0,1086.6,1380.8,2203.9,914.7,809.2,2,1,order-backend-84d78cc6d7-gmprk|order-backend-84d78cc6d7-nzctx,212.3,6.504,-725.32,0.0666,65,23
run_20260725_202915_node,node,1784982683,66,20:31:23,brownout,42,42,0,0.0,700.6,1309.1,1325.7,887.9,782.7,2,1,order-backend-84d78cc6d7-gmprk|order-backend-84d78cc6d7-nzctx,212.3,6.166,-341.76,0.0524,66,22
run_20260725_202915_node,node,1784982684,67,20:31:24,brownout,42,42,0,0.0,745.3,1307.8,1332.7,955.9,849.9,2,1,order-backend-84d78cc6d7-gmprk|order-backend-84d78cc6d7-nzctx,212.3,6.16,-739.92,0.0333,67,21
run_20260725_202915_node,node,1784982685,68,20:31:25,brownout,42,42,0,0.0,1467.2,1760.0,2956.1,1208.8,1104.4,2,1,order-backend-84d78cc6d7-gmprk|order-backend-84d78cc6d7-nzctx,212.3,8.29,-649.5,0.0095,68,20
run_20260725_202915_node,node,1784982686,69,20:31:26,brownout,42,42,0,0.0,1583.8,1854.7,1863.3,1126.7,1022.7,2,1,order-backend-84d78cc6d7-gmprk|order-backend-84d78cc6d7-nzctx,212.3,8.736,149.46,0.0,69,19
run_20260725_202915_node,node,1784982687,70,20:31:27,brownout,42,42,0,0.0,587.3,1899.4,1903.9,1098.6,994.6,2,1,order-backend-84d78cc6d7-gmprk|order-backend-84d78cc6d7-nzctx,212.3,8.947,103.72,0.0,70,18
run_20260725_202915_node,node,1784982688,71,20:31:28,brownout,42,42,0,0.0,783.5,1905.8,3472.4,1242.1,1133.1,2,1,order-backend-84d78cc6d7-gmprk|order-backend-84d78cc6d7-nzctx,212.3,8.977,119.34,0.0,71,17
run_20260725_202915_node,node,1784982689,72,20:31:29,brownout,41,41,0,0.0,963.9,1913.9,1962.8,1314.3,1207.0,2,1,order-backend-84d78cc6d7-gmprk|order-backend-84d78cc6d7-nzctx,212.3,9.015,121.22,0.0,72,16
run_20260725_202915_node,node,1784982690,73,20:31:30,brownout,43,43,0,0.0,1889.2,2127.6,2139.8,1472.5,1366.4,2,1,order-backend-84d78cc6d7-gmprk|order-backend-84d78cc6d7-nzctx,212.3,10.022,73.52,0.0,73,15
run_20260725_202915_node,node,1784982691,74,20:31:31,recovering,42,39,3,0.0714,984.2,2532.1,3076.7,1482.1,1275.6,3,0,order-backend-84d78cc6d7-gmprk|order-backend-84d78cc6d7-l9l52|order-backend-84d78cc6d7-nzctx,212.3,11.927,135.48,0.0143,74,14
run_20260725_202915_node,node,1784982692,75,20:31:32,recovering,42,41,1,0.0238,536.3,2036.0,2410.4,880.2,739.2,3,0,order-backend-84d78cc6d7-gmprk|order-backend-84d78cc6d7-l9l52|order-backend-84d78cc6d7-nzctx,212.3,9.59,27.32,0.019,75,13
run_20260725_202915_node,node,1784982693,76,20:31:33,recovering,42,42,0,0.0,159.5,1748.4,1752.5,737.0,632.5,3,0,order-backend-84d78cc6d7-gmprk|order-backend-84d78cc6d7-l9l52|order-backend-84d78cc6d7-nzctx,212.3,8.236,-31.48,0.019,76,12
run_20260725_202915_node,node,1784982694,77,20:31:34,recovering,42,42,0,0.0,167.2,1490.1,1503.3,506.6,402.3,3,0,order-backend-84d78cc6d7-gmprk|order-backend-84d78cc6d7-l9l52|order-backend-84d78cc6d7-nzctx,212.3,7.019,-84.76,0.019,77,11
run_20260725_202915_node,node,1784982695,78,20:31:35,recovering,41,41,0,0.0,158.9,978.7,1066.1,416.7,313.4,3,0,order-backend-84d78cc6d7-gmprk|order-backend-84d78cc6d7-l9l52|order-backend-84d78cc6d7-nzctx,212.3,4.61,-229.78,0.019,78,10
run_20260725_202915_node,node,1784982696,79,20:31:36,recovering,43,43,0,0.0,109.4,927.2,943.9,321.2,217.4,3,0,order-backend-84d78cc6d7-gmprk|order-backend-84d78cc6d7-l9l52|order-backend-84d78cc6d7-nzctx,212.3,4.367,-320.98,0.0048,79,9
run_20260725_202915_node,node,1784982697,80,20:31:37,recovering,42,42,0,0.0,191.8,531.0,562.1,250.9,146.2,3,0,order-backend-84d78cc6d7-gmprk|order-backend-84d78cc6d7-l9l52|order-backend-84d78cc6d7-nzctx,212.3,2.501,-301.0,0.0,80,8
run_20260725_202915_node,node,1784982698,81,20:31:38,recovering,42,42,0,0.0,118.2,241.8,274.3,141.8,37.6,3,0,order-backend-84d78cc6d7-gmprk|order-backend-84d78cc6d7-l9l52|order-backend-84d78cc6d7-nzctx,212.3,1.139,-301.32,0.0,81,7
run_20260725_202915_node,node,1784982699,82,20:31:39,recovering,42,42,0,0.0,108.9,198.5,237.9,124.5,17.7,3,0,order-backend-84d78cc6d7-gmprk|order-backend-84d78cc6d7-l9l52|order-backend-84d78cc6d7-nzctx,212.3,0.935,-258.32,0.0,82,6
run_20260725_202915_node,node,1784982700,83,20:31:40,recovering,42,42,0,0.0,105.1,180.1,200.0,123.3,19.8,3,0,order-backend-84d78cc6d7-gmprk|order-backend-84d78cc6d7-l9l52|order-backend-84d78cc6d7-nzctx,212.3,0.848,-159.72,0.0,83,5
run_20260725_202915_node,node,1784982701,84,20:31:41,recovering,42,41,1,0.0238,107.8,190.7,3067.1,187.8,12.0,3,0,order-backend-84d78cc6d7-gmprk|order-backend-84d78cc6d7-l9l52|order-backend-84d78cc6d7-nzctx,212.3,0.898,-147.3,0.0048,84,4
run_20260725_202915_node,node,1784982702,85,20:31:42,recovering,42,36,6,0.1429,104.7,2373.0,5012.7,535.5,11.4,3,0,order-backend-84d78cc6d7-gmprk|order-backend-84d78cc6d7-l9l52|order-backend-84d78cc6d7-nzctx,212.3,11.178,368.4,0.0333,85,3
run_20260725_202915_node,node,1784982703,86,20:31:43,recovering,42,36,6,0.1429,106.4,5007.8,5021.0,811.9,6.9,3,0,order-backend-84d78cc6d7-gmprk|order-backend-84d78cc6d7-l9l52|order-backend-84d78cc6d7-nzctx,212.3,23.588,953.2,0.0619,86,2
run_20260725_202915_node,node,1784982704,87,20:31:44,recovering,41,40,1,0.0244,105.9,158.3,5011.1,232.7,8.9,3,0,order-backend-84d78cc6d7-gmprk|order-backend-84d78cc6d7-l9l52|order-backend-84d78cc6d7-nzctx,212.3,0.746,-8.04,0.0668,87,1
run_20260725_202915_node,node,1784982705,88,20:31:45,stable,42,42,0,0.0,105.9,173.2,197.1,118.7,14.4,3,0,order-backend-84d78cc6d7-gmprk|order-backend-84d78cc6d7-l9l52|order-backend-84d78cc6d7-nzctx,212.3,0.816,-1.38,0.0668,88,0
run_20260725_202915_node,node,1784982706,89,20:31:46,stable,41,41,0,0.0,131.8,217.7,230.3,143.6,36.3,3,0,order-backend-84d78cc6d7-gmprk|order-backend-84d78cc6d7-l9l52|order-backend-84d78cc6d7-nzctx,212.3,1.025,5.4,0.062,89,0
run_20260725_202915_node,node,1784982707,90,20:31:47,stable,42,42,0,0.0,109.3,191.2,246.3,127.8,23.8,3,0,order-backend-84d78cc6d7-gmprk|order-backend-84d78cc6d7-l9l52|order-backend-84d78cc6d7-nzctx,212.3,0.901,-436.36,0.0335,90,0
run_20260725_202915_node,node,1784982708,91,20:31:48,stable,42,42,0,0.0,107.7,177.8,221.5,126.1,19.9,3,0,order-backend-84d78cc6d7-gmprk|order-backend-84d78cc6d7-l9l52|order-backend-84d78cc6d7-nzctx,212.3,0.837,-966.0,0.0049,91,0
run_20260725_202915_node,node,1784982709,92,20:31:49,stable,42,42,0,0.0,113.9,220.0,249.9,142.8,37.7,3,0,order-backend-84d78cc6d7-gmprk|order-backend-84d78cc6d7-l9l52|order-backend-84d78cc6d7-nzctx,212.3,1.036,12.34,0.0,92,0
run_20260725_202915_node,node,1784982710,93,20:31:50,stable,42,42,0,0.0,107.0,208.1,268.1,132.6,27.3,3,0,order-backend-84d78cc6d7-gmprk|order-backend-84d78cc6d7-l9l52|order-backend-84d78cc6d7-nzctx,212.3,0.98,6.98,0.0,93,0
run_20260725_202915_node,node,1784982711,94,20:31:51,stable,41,41,0,0.0,140.9,207.8,239.3,148.0,31.4,3,0,order-backend-84d78cc6d7-gmprk|order-backend-84d78cc6d7-l9l52|order-backend-84d78cc6d7-nzctx,212.3,0.979,-1.98,0.0,94,0
run_20260725_202915_node,node,1784982712,95,20:31:52,stable,43,43,0,0.0,108.7,177.5,183.4,123.8,17.1,3,0,order-backend-84d78cc6d7-gmprk|order-backend-84d78cc6d7-l9l52|order-backend-84d78cc6d7-nzctx,212.3,0.836,-2.74,0.0,95,0
run_20260725_202915_node,node,1784982713,96,20:31:53,stable,40,40,0,0.0,231.3,735.3,934.2,326.1,143.7,3,0,order-backend-84d78cc6d7-gmprk|order-backend-84d78cc6d7-l9l52|order-backend-84d78cc6d7-nzctx,212.3,3.463,111.5,0.0,96,0
run_20260725_202915_node,node,1784982714,97,20:31:54,stable,41,41,0,0.0,300.9,540.7,637.9,325.0,173.2,3,0,order-backend-84d78cc6d7-gmprk|order-backend-84d78cc6d7-l9l52|order-backend-84d78cc6d7-nzctx,212.3,2.547,64.14,0.0,97,0
run_20260725_202915_node,node,1784982715,98,20:31:55,stable,42,42,0,0.0,172.0,413.9,469.6,231.1,122.9,3,0,order-backend-84d78cc6d7-gmprk|order-backend-84d78cc6d7-l9l52|order-backend-84d78cc6d7-nzctx,212.3,1.95,41.16,0.0,98,0
run_20260725_202915_node,node,1784982716,99,20:31:56,stable,41,41,0,0.0,126.4,203.4,272.6,140.0,31.7,3,0,order-backend-84d78cc6d7-gmprk|order-backend-84d78cc6d7-l9l52|order-backend-84d78cc6d7-nzctx,212.3,0.958,-0.88,0.0,99,0
run_20260725_202915_node,node,1784982717,100,20:31:57,stable,41,41,0,0.0,144.1,260.8,289.2,162.5,55.0,3,0,order-backend-84d78cc6d7-gmprk|order-backend-84d78cc6d7-l9l52|order-backend-84d78cc6d7-nzctx,212.3,1.228,16.66,0.0,100,0
run_20260725_202915_node,node,1784982718,101,20:31:58,stable,42,40,2,0.0476,115.0,462.8,3121.4,318.6,76.1,3,0,order-backend-84d78cc6d7-gmprk|order-backend-84d78cc6d7-l9l52|order-backend-84d78cc6d7-nzctx,212.3,2.18,-54.5,0.0095,101,0
run_20260725_202915_node,node,1784982719,102,20:31:59,stable,41,37,4,0.0976,105.6,2444.3,2739.2,346.5,16.0,3,0,order-backend-84d78cc6d7-gmprk|order-backend-84d78cc6d7-l9l52|order-backend-84d78cc6d7-nzctx,212.3,11.513,380.72,0.029,102,0
run_20260725_202915_node,node,1784982720,103,20:32:00,stable,43,39,4,0.093,107.7,5007.3,5008.8,567.3,6.9,3,0,order-backend-84d78cc6d7-gmprk|order-backend-84d78cc6d7-l9l52|order-backend-84d78cc6d7-nzctx,212.3,23.586,918.68,0.0476,103,0
run_20260725_202915_node,node,1784982721,104,20:32:01,stable,42,42,0,0.0,118.1,181.8,203.1,127.6,23.3,3,0,order-backend-84d78cc6d7-gmprk|order-backend-84d78cc6d7-l9l52|order-backend-84d78cc6d7-nzctx,212.3,0.856,-4.32,0.0476,104,0
run_20260725_202915_node,node,1784982722,105,20:32:02,stable,42,42,0,0.0,113.3,175.9,206.9,124.2,20.0,3,0,order-backend-84d78cc6d7-gmprk|order-backend-84d78cc6d7-l9l52|order-backend-84d78cc6d7-nzctx,212.3,0.829,-16.98,0.0476,105,0
run_20260725_202915_node,node,1784982723,106,20:32:03,stable,41,41,0,0.0,112.7,169.6,183.2,125.3,19.1,3,0,order-backend-84d78cc6d7-gmprk|order-backend-84d78cc6d7-l9l52|order-backend-84d78cc6d7-nzctx,212.3,0.799,-58.64,0.0381,106,0
run_20260725_202915_node,node,1784982724,107,20:32:04,stable,42,42,0,0.0,135.5,225.8,251.7,145.9,42.0,3,0,order-backend-84d78cc6d7-gmprk|order-backend-84d78cc6d7-l9l52|order-backend-84d78cc6d7-nzctx,212.3,1.064,-443.7,0.0186,107,0
run_20260725_202915_node,node,1784982725,108,20:32:05,stable,43,43,0,0.0,106.7,202.4,207.3,124.1,20.8,3,0,order-backend-84d78cc6d7-gmprk|order-backend-84d78cc6d7-l9l52|order-backend-84d78cc6d7-nzctx,212.3,0.953,-960.98,0.0,108,0
run_20260725_202915_node,node,1784982726,109,20:32:06,stable,42,42,0,0.0,106.2,190.8,221.3,125.5,22.6,3,0,order-backend-84d78cc6d7-gmprk|order-backend-84d78cc6d7-l9l52|order-backend-84d78cc6d7-nzctx,212.3,0.899,1.8,0.0,109,0
run_20260725_202915_node,node,1784982727,110,20:32:07,stable,42,42,0,0.0,105.8,214.4,234.6,133.3,29.9,3,0,order-backend-84d78cc6d7-gmprk|order-backend-84d78cc6d7-l9l52|order-backend-84d78cc6d7-nzctx,212.3,1.01,7.7,0.0,110,0
run_20260725_202915_node,node,1784982728,111,20:32:08,stable,42,42,0,0.0,110.1,218.9,252.4,133.4,28.2,3,0,order-backend-84d78cc6d7-gmprk|order-backend-84d78cc6d7-l9l52|order-backend-84d78cc6d7-nzctx,212.3,1.031,9.86,0.0,111,0
run_20260725_202915_node,node,1784982729,112,20:32:09,stable,41,41,0,0.0,108.7,161.9,218.3,121.3,15.8,3,0,order-backend-84d78cc6d7-gmprk|order-backend-84d78cc6d7-l9l52|order-backend-84d78cc6d7-nzctx,212.3,0.763,-12.78,0.0,112,0
run_20260725_202915_node,node,1784982730,113,20:32:10,stable,43,43,0,0.0,104.6,155.5,164.1,113.3,9.6,3,0,order-backend-84d78cc6d7-gmprk|order-backend-84d78cc6d7-l9l52|order-backend-84d78cc6d7-nzctx,212.3,0.732,-9.38,0.0,113,0
run_20260725_202915_node,node,1784982731,114,20:32:11,stable,42,37,5,0.119,112.8,2675.0,3076.9,438.1,23.4,3,0,order-backend-84d78cc6d7-gmprk|order-backend-84d78cc6d7-l9l52|order-backend-84d78cc6d7-nzctx,212.3,12.6,496.84,0.0238,114,0
run_20260725_202915_node,node,1784982732,115,20:32:12,stable,42,35,7,0.1667,114.2,5008.7,5031.4,897.8,49.1,3,0,order-backend-84d78cc6d7-gmprk|order-backend-84d78cc6d7-l9l52|order-backend-84d78cc6d7-nzctx,212.3,23.593,958.86,0.0571,115,0
run_20260725_202915_node,node,1784982733,116,20:32:13,stable,42,39,3,0.0714,104.8,5005.1,5008.6,462.9,9.0,3,0,order-backend-84d78cc6d7-gmprk|order-backend-84d78cc6d7-l9l52|order-backend-84d78cc6d7-nzctx,212.3,23.576,957.24,0.0714,116,0
run_20260725_202915_node,node,1784982734,117,20:32:14,stable,41,35,6,0.1463,105.6,5008.2,5012.5,778.8,4.1,3,0,order-backend-84d78cc6d7-gmprk|order-backend-84d78cc6d7-l9l52|order-backend-84d78cc6d7-nzctx,212.3,23.59,969.26,0.1007,117,0
run_20260725_202915_node,node,1784982735,118,20:32:15,stable,43,42,1,0.0233,122.1,244.5,5008.4,252.9,30.9,3,0,order-backend-84d78cc6d7-gmprk|order-backend-84d78cc6d7-l9l52|order-backend-84d78cc6d7-nzctx,212.3,1.152,17.8,0.1053,118,0
run_20260725_202915_node,node,1784982736,119,20:32:16,stable,42,41,1,0.0238,106.0,166.2,5007.3,235.5,15.0,3,0,order-backend-84d78cc6d7-gmprk|order-backend-84d78cc6d7-l9l52|order-backend-84d78cc6d7-nzctx,212.3,0.783,-501.76,0.0863,119,0
run_20260725_202915_node,node,1784982737,120,20:32:17,stable,42,42,0,0.0,113.8,167.4,201.9,125.7,23.0,3,0,order-backend-84d78cc6d7-gmprk|order-backend-84d78cc6d7-l9l52|order-backend-84d78cc6d7-nzctx,212.3,0.789,-968.26,0.053,120,0
run_20260725_202915_node,node,1784982738,121,20:32:18,stable,42,42,0,0.0,104.5,194.2,197.1,129.0,26.1,3,0,order-backend-84d78cc6d7-gmprk|order-backend-84d78cc6d7-l9l52|order-backend-84d78cc6d7-nzctx,212.3,0.915,-962.18,0.0387,121,0
run_20260725_202915_node,node,1784982739,122,20:32:19,stable,42,36,6,0.1429,104.9,5006.9,5010.8,761.5,9.8,3,0,order-backend-84d78cc6d7-gmprk|order-backend-84d78cc6d7-l9l52|order-backend-84d78cc6d7-nzctx,212.3,23.584,-0.26,0.038,122,0
run_20260725_202915_node,node,1784982740,123,20:32:20,stable,42,39,3,0.0714,119.8,3067.3,5010.9,427.3,20.1,3,0,order-backend-84d78cc6d7-gmprk|order-backend-84d78cc6d7-l9l52|order-backend-84d78cc6d7-nzctx,212.3,14.448,564.56,0.0476,123,0
run_20260725_202915_node,node,1784982741,124,20:32:21,stable,42,42,0,0.0,104.6,174.5,204.8,118.2,14.7,3,0,order-backend-84d78cc6d7-gmprk|order-backend-84d78cc6d7-l9l52|order-backend-84d78cc6d7-nzctx,212.3,0.822,1.66,0.0429,124,0
run_20260725_202915_node,node,1784982742,125,20:32:22,stable,41,41,0,0.0,128.8,241.9,258.3,153.0,48.2,3,0,order-backend-84d78cc6d7-gmprk|order-backend-84d78cc6d7-l9l52|order-backend-84d78cc6d7-nzctx,212.3,1.139,14.9,0.0429,125,0
run_20260725_202915_node,node,1784982743,126,20:32:23,stable,43,43,0,0.0,116.2,296.1,315.9,159.9,55.7,3,0,order-backend-84d78cc6d7-gmprk|order-backend-84d78cc6d7-l9l52|order-backend-84d78cc6d7-nzctx,212.3,1.395,20.38,0.0429,126,0
run_20260725_202915_node,node,1784982744,127,20:32:24,stable,41,38,3,0.0732,256.9,5007.6,5011.8,553.7,96.9,3,0,order-backend-84d78cc6d7-gmprk|order-backend-84d78cc6d7-l9l52|order-backend-84d78cc6d7-nzctx,212.3,23.587,0.14,0.0289,127,0
run_20260725_202915_node,node,1784982745,128,20:32:25,stable,43,37,6,0.1395,129.9,5008.1,5014.6,821.7,39.7,3,0,order-backend-84d78cc6d7-gmprk|order-backend-84d78cc6d7-l9l52|order-backend-84d78cc6d7-nzctx,212.3,23.59,388.16,0.0425,128,0
run_20260725_202915_node,node,1784982746,129,20:32:26,stable,42,40,2,0.0476,108.5,184.5,5009.3,331.2,15.7,3,0,order-backend-84d78cc6d7-gmprk|order-backend-84d78cc6d7-l9l52|order-backend-84d78cc6d7-nzctx,212.3,0.869,2.0,0.0521,129,0
run_20260725_202915_node,node,1784982747,130,20:32:27,stable,42,40,2,0.0476,107.9,249.0,5009.8,361.5,25.4,3,0,order-backend-84d78cc6d7-gmprk|order-backend-84d78cc6d7-l9l52|order-backend-84d78cc6d7-nzctx,212.3,1.173,1.42,0.0616,130,0
run_20260725_202915_node,node,1784982748,131,20:32:28,stable,42,41,1,0.0238,107.6,219.8,4480.1,232.2,23.9,3,0,order-backend-84d78cc6d7-gmprk|order-backend-84d78cc6d7-l9l52|order-backend-84d78cc6d7-nzctx,212.3,1.035,-15.26,0.0663,131,0
run_20260725_202915_node,node,1784982749,132,20:32:29,stable,42,39,3,0.0714,117.0,3742.9,3888.3,390.3,23.3,3,0,order-backend-84d78cc6d7-gmprk|order-backend-84d78cc6d7-l9l52|order-backend-84d78cc6d7-nzctx,212.3,17.63,-252.94,0.066,132,0
run_20260725_202915_node,node,1784982750,133,20:32:30,stable,42,42,0,0.0,106.4,260.7,294.0,141.8,37.2,3,0,order-backend-84d78cc6d7-gmprk|order-backend-84d78cc6d7-l9l52|order-backend-84d78cc6d7-nzctx,212.3,1.228,-949.48,0.0381,133,0
run_20260725_202915_node,node,1784982751,134,20:32:31,stable,42,39,3,0.0714,123.3,4712.6,5012.7,474.5,32.4,3,0,order-backend-84d78cc6d7-gmprk|order-backend-84d78cc6d7-l9l52|order-backend-84d78cc6d7-nzctx,212.3,22.198,905.62,0.0428,134,0
run_20260725_202915_node,node,1784982752,135,20:32:32,stable,41,40,1,0.0244,107.3,196.6,5004.7,241.5,18.3,3,0,order-backend-84d78cc6d7-gmprk|order-backend-84d78cc6d7-l9l52|order-backend-84d78cc6d7-nzctx,212.3,0.926,-10.48,0.0382,135,0
run_20260725_202915_node,node,1784982753,136,20:32:33,stable,43,43,0,0.0,134.8,286.4,315.7,170.6,66.4,3,0,order-backend-84d78cc6d7-gmprk|order-backend-84d78cc6d7-l9l52|order-backend-84d78cc6d7-nzctx,212.3,1.349,13.32,0.0334,136,0
run_20260725_202915_node,node,1784982754,137,20:32:34,stable,42,42,0,0.0,109.3,197.5,269.5,132.0,26.4,3,0,order-backend-84d78cc6d7-gmprk|order-backend-84d78cc6d7-l9l52|order-backend-84d78cc6d7-nzctx,212.3,0.93,-709.08,0.0192,137,0
run_20260725_202915_node,node,1784982755,138,20:32:35,stable,42,42,0,0.0,111.7,302.8,322.4,158.0,53.6,3,0,order-backend-84d78cc6d7-gmprk|order-backend-84d78cc6d7-l9l52|order-backend-84d78cc6d7-nzctx,212.3,1.426,8.42,0.0192,138,0
run_20260725_202915_node,node,1784982756,139,20:32:36,stable,42,42,0,0.0,111.0,192.7,205.4,128.7,23.8,3,0,order-backend-84d78cc6d7-gmprk|order-backend-84d78cc6d7-l9l52|order-backend-84d78cc6d7-nzctx,212.3,0.908,-903.98,0.0049,139,0
run_20260725_202915_node,node,1784982757,140,20:32:37,stable,41,41,0,0.0,104.7,197.3,214.4,129.1,25.9,3,0,order-backend-84d78cc6d7-gmprk|order-backend-84d78cc6d7-l9l52|order-backend-84d78cc6d7-nzctx,212.3,0.929,0.14,0.0,140,0
run_20260725_202915_node,node,1784982758,141,20:32:38,stable,43,43,0,0.0,104.7,154.4,167.5,113.4,9.6,3,0,order-backend-84d78cc6d7-gmprk|order-backend-84d78cc6d7-l9l52|order-backend-84d78cc6d7-nzctx,212.3,0.727,-26.4,0.0,141,0
run_20260725_202915_node,node,1784982759,142,20:32:39,stable,40,40,0,0.0,129.6,239.3,301.1,146.5,17.2,3,0,order-backend-84d78cc6d7-gmprk|order-backend-84d78cc6d7-l9l52|order-backend-84d78cc6d7-nzctx,212.3,1.127,8.36,0.0,142,0
run_20260725_202915_node,node,1784982760,143,20:32:40,stable,42,42,0,0.0,113.8,202.4,259.9,132.0,27.9,3,0,order-backend-84d78cc6d7-gmprk|order-backend-84d78cc6d7-l9l52|order-backend-84d78cc6d7-nzctx,212.3,0.953,-20.08,0.0,143,0
run_20260725_202915_node,node,1784982761,144,20:32:41,stable,42,42,0,0.0,107.3,204.8,243.8,129.8,25.1,3,0,order-backend-84d78cc6d7-gmprk|order-backend-84d78cc6d7-l9l52|order-backend-84d78cc6d7-nzctx,212.3,0.965,2.42,0.0,144,0
run_20260725_202915_node,node,1784982762,145,20:32:42,stable,43,43,0,0.0,120.7,279.6,290.5,147.9,43.8,3,0,order-backend-84d78cc6d7-gmprk|order-backend-84d78cc6d7-l9l52|order-backend-84d78cc6d7-nzctx,212.3,1.317,16.46,0.0,145,0
run_20260725_202915_node,node,1784982763,146,20:32:43,stable,42,42,0,0.0,108.8,174.8,210.8,127.9,24.0,3,0,order-backend-84d78cc6d7-gmprk|order-backend-84d78cc6d7-l9l52|order-backend-84d78cc6d7-nzctx,212.3,0.823,4.08,0.0,146,0
run_20260725_202915_node,node,1784982764,147,20:32:44,stable,42,42,0,0.0,109.1,191.1,217.3,125.4,20.1,3,0,order-backend-84d78cc6d7-gmprk|order-backend-84d78cc6d7-l9l52|order-backend-84d78cc6d7-nzctx,212.3,0.9,-9.64,0.0,147,0
run_20260725_202915_node,node,1784982765,148,20:32:45,stable,42,42,0,0.0,157.3,270.1,287.4,168.0,58.0,3,0,order-backend-84d78cc6d7-gmprk|order-backend-84d78cc6d7-l9l52|order-backend-84d78cc6d7-nzctx,212.3,1.272,13.54,0.0,148,0
run_20260725_202915_node,node,1784982766,149,20:32:46,stable,41,41,0,0.0,108.7,212.7,217.3,130.2,25.3,3,0,order-backend-84d78cc6d7-gmprk|order-backend-84d78cc6d7-l9l52|order-backend-84d78cc6d7-nzctx,212.3,1.002,1.58,0.0,149,0
run_20260725_202915_node,node,1784982767,150,20:32:47,stable,43,43,0,0.0,106.7,240.7,278.7,132.7,28.5,3,0,order-backend-84d78cc6d7-gmprk|order-backend-84d78cc6d7-l9l52|order-backend-84d78cc6d7-nzctx,212.3,1.134,-7.78,0.0,150,0
run_20260725_202915_node,node,1784982768,151,20:32:48,stable,42,42,0,0.0,112.3,242.6,250.6,133.8,28.6,3,0,order-backend-84d78cc6d7-gmprk|order-backend-84d78cc6d7-l9l52|order-backend-84d78cc6d7-nzctx,212.3,1.143,13.56,0.0,151,0
run_20260725_202915_node,node,1784982769,152,20:32:49,stable,42,42,0,0.0,111.6,241.1,2229.6,180.2,26.4,3,0,order-backend-84d78cc6d7-gmprk|order-backend-84d78cc6d7-l9l52|order-backend-84d78cc6d7-nzctx,212.3,1.136,10.0,0.0,152,0
run_20260725_202915_node,node,1784982770,153,20:32:50,stable,42,42,0,0.0,105.6,2195.9,2329.9,322.3,23.1,3,0,order-backend-84d78cc6d7-gmprk|order-backend-84d78cc6d7-l9l52|order-backend-84d78cc6d7-nzctx,212.3,10.343,385.16,0.0,153,0
run_20260725_202915_node,node,1784982771,154,20:32:51,stable,42,42,0,0.0,113.5,203.1,217.1,136.4,30.6,3,0,order-backend-84d78cc6d7-gmprk|order-backend-84d78cc6d7-l9l52|order-backend-84d78cc6d7-nzctx,212.3,0.957,-1.92,0.0,154,0
run_20260725_202915_node,node,1784982772,155,20:32:52,stable,41,41,0,0.0,138.1,243.1,265.2,149.7,45.0,3,0,order-backend-84d78cc6d7-gmprk|order-backend-84d78cc6d7-l9l52|order-backend-84d78cc6d7-nzctx,212.3,1.145,0.48,0.0,155,0
run_20260725_202915_node,node,1784982773,156,20:32:53,stable,42,42,0,0.0,140.7,289.0,318.4,163.2,58.1,3,0,order-backend-84d78cc6d7-gmprk|order-backend-84d78cc6d7-l9l52|order-backend-84d78cc6d7-nzctx,212.3,1.361,9.28,0.0,156,0
run_20260725_202915_node,node,1784982774,157,20:32:54,stable,42,42,0,0.0,116.4,201.9,224.8,137.5,31.9,3,0,order-backend-84d78cc6d7-gmprk|order-backend-84d78cc6d7-l9l52|order-backend-84d78cc6d7-nzctx,212.3,0.951,-7.84,0.0,157,0
run_20260725_202915_node,node,1784982775,158,20:32:55,stable,42,42,0,0.0,107.0,179.4,193.1,120.3,15.6,3,0,order-backend-84d78cc6d7-gmprk|order-backend-84d78cc6d7-l9l52|order-backend-84d78cc6d7-nzctx,212.3,0.845,-403.3,0.0,158,0
run_20260725_202915_node,node,1784982776,159,20:32:56,stable,41,41,0,0.0,108.0,167.8,186.7,122.9,17.2,3,0,order-backend-84d78cc6d7-gmprk|order-backend-84d78cc6d7-l9l52|order-backend-84d78cc6d7-nzctx,212.3,0.79,-7.06,0.0,159,0
run_20260725_202915_node,node,1784982777,160,20:32:57,stable,43,43,0,0.0,113.7,185.8,197.3,127.2,22.6,3,0,order-backend-84d78cc6d7-gmprk|order-backend-84d78cc6d7-l9l52|order-backend-84d78cc6d7-nzctx,212.3,0.875,-11.46,0.0,160,0
run_20260725_202915_node,node,1784982778,161,20:32:58,stable,41,41,0,0.0,105.2,169.5,184.5,118.6,14.3,3,0,order-backend-84d78cc6d7-gmprk|order-backend-84d78cc6d7-l9l52|order-backend-84d78cc6d7-nzctx,212.3,0.798,-23.9,0.0,161,0
run_20260725_202915_node,node,1784982779,162,20:32:59,stable,43,43,0,0.0,148.0,227.9,248.1,157.3,52.6,3,0,order-backend-84d78cc6d7-gmprk|order-backend-84d78cc6d7-l9l52|order-backend-84d78cc6d7-nzctx,212.3,1.073,5.2,0.0,162,0
run_20260725_202915_node,node,1784982780,163,20:33:00,stable,42,42,0,0.0,122.8,172.3,230.9,129.3,22.9,3,0,order-backend-84d78cc6d7-gmprk|order-backend-84d78cc6d7-l9l52|order-backend-84d78cc6d7-nzctx,212.3,0.812,-1.42,0.0,163,0
run_20260725_202915_node,node,1784982781,164,20:33:01,stable,42,42,0,0.0,127.7,277.6,288.9,162.6,59.1,3,0,order-backend-84d78cc6d7-gmprk|order-backend-84d78cc6d7-l9l52|order-backend-84d78cc6d7-nzctx,212.3,1.308,21.96,0.0,164,0
run_20260725_202915_node,node,1784982782,165,20:33:02,stable,42,42,0,0.0,106.1,210.5,266.5,131.9,28.4,3,0,order-backend-84d78cc6d7-gmprk|order-backend-84d78cc6d7-l9l52|order-backend-84d78cc6d7-nzctx,212.3,0.992,4.94,0.0,165,0
run_20260725_202915_node,node,1784982783,166,20:33:03,stable,42,42,0,0.0,114.4,217.1,223.4,143.4,39.3,3,0,order-backend-84d78cc6d7-gmprk|order-backend-84d78cc6d7-l9l52|order-backend-84d78cc6d7-nzctx,212.3,1.023,9.52,0.0,166,0
run_20260725_202915_node,node,1784982784,167,20:33:04,stable,41,41,0,0.0,111.7,204.4,234.4,131.9,27.9,3,0,order-backend-84d78cc6d7-gmprk|order-backend-84d78cc6d7-l9l52|order-backend-84d78cc6d7-nzctx,212.3,0.963,-4.7,0.0,167,0
run_20260725_202915_node,node,1784982785,168,20:33:05,stable,42,42,0,0.0,110.8,197.1,242.2,128.3,24.7,3,0,order-backend-84d78cc6d7-gmprk|order-backend-84d78cc6d7-l9l52|order-backend-84d78cc6d7-nzctx,212.3,0.928,4.96,0.0,168,0
run_20260725_202915_node,node,1784982786,169,20:33:06,stable,42,42,0,0.0,130.8,210.7,225.5,142.8,39.6,3,0,order-backend-84d78cc6d7-gmprk|order-backend-84d78cc6d7-l9l52|order-backend-84d78cc6d7-nzctx,212.3,0.992,-13.38,0.0,169,0
run_20260725_202915_node,node,1784982787,170,20:33:07,stable,43,43,0,0.0,115.6,224.1,261.8,132.9,29.9,3,0,order-backend-84d78cc6d7-gmprk|order-backend-84d78cc6d7-l9l52|order-backend-84d78cc6d7-nzctx,212.3,1.056,2.72,0.0,170,0
run_20260725_202915_node,node,1784982788,171,20:33:08,stable,42,42,0,0.0,104.2,164.5,200.8,117.3,13.8,3,0,order-backend-84d78cc6d7-gmprk|order-backend-84d78cc6d7-l9l52|order-backend-84d78cc6d7-nzctx,212.3,0.775,-10.52,0.0,171,0
run_20260725_202915_node,node,1784982789,172,20:33:09,stable,42,42,0,0.0,107.9,189.0,194.3,124.2,18.3,3,0,order-backend-84d78cc6d7-gmprk|order-backend-84d78cc6d7-l9l52|order-backend-84d78cc6d7-nzctx,212.3,0.89,-3.08,0.0,172,0
run_20260725_202915_node,node,1784982790,173,20:33:10,stable,41,41,0,0.0,117.2,188.6,215.7,129.1,21.7,3,0,order-backend-84d78cc6d7-gmprk|order-backend-84d78cc6d7-l9l52|order-backend-84d78cc6d7-nzctx,212.3,0.888,-1.7,0.0,173,0
run_20260725_202915_node,node,1784982791,174,20:33:11,stable,42,42,0,0.0,108.6,162.2,224.0,122.5,15.3,3,0,order-backend-84d78cc6d7-gmprk|order-backend-84d78cc6d7-l9l52|order-backend-84d78cc6d7-nzctx,212.3,0.764,-9.7,0.0,174,0
run_20260725_202915_node,node,1784982792,175,20:33:12,stable,42,42,0,0.0,107.9,168.5,198.7,123.8,19.5,3,0,order-backend-84d78cc6d7-gmprk|order-backend-84d78cc6d7-l9l52|order-backend-84d78cc6d7-nzctx,212.3,0.794,-11.12,0.0,175,0
run_20260725_202915_node,node,1784982793,176,20:33:13,stable,42,42,0,0.0,116.9,227.7,232.2,140.6,36.6,3,0,order-backend-84d78cc6d7-gmprk|order-backend-84d78cc6d7-l9l52|order-backend-84d78cc6d7-nzctx,212.3,1.073,12.64,0.0,176,0
run_20260725_202915_node,node,1784982794,177,20:33:14,stable,42,42,0,0.0,104.2,159.7,176.2,111.9,8.1,3,0,order-backend-84d78cc6d7-gmprk|order-backend-84d78cc6d7-l9l52|order-backend-84d78cc6d7-nzctx,212.3,0.752,-5.86,0.0,177,0
run_20260725_202915_node,node,1784982795,178,20:33:15,stable,41,41,0,0.0,132.7,199.1,228.0,140.0,36.0,3,0,order-backend-84d78cc6d7-gmprk|order-backend-84d78cc6d7-l9l52|order-backend-84d78cc6d7-nzctx,212.3,0.938,2.1,0.0,178,0
run_20260725_202915_node,node,1784982796,179,20:33:16,stable,42,42,0,0.0,113.1,225.7,244.3,140.4,35.6,3,0,order-backend-84d78cc6d7-gmprk|order-backend-84d78cc6d7-l9l52|order-backend-84d78cc6d7-nzctx,212.3,1.063,12.7,0.0,179,0
run_20260725_202915_node,node,1784982797,180,20:33:17,stable,43,43,0,0.0,138.4,275.4,317.9,158.3,54.4,3,0,order-backend-84d78cc6d7-gmprk|order-backend-84d78cc6d7-l9l52|order-backend-84d78cc6d7-nzctx,212.3,1.297,21.38,0.0,180,0
run_20260725_202915_node,node,1784982798,181,20:33:18,stable,41,41,0,0.0,124.4,285.5,321.7,146.6,41.3,3,0,order-backend-84d78cc6d7-gmprk|order-backend-84d78cc6d7-l9l52|order-backend-84d78cc6d7-nzctx,212.3,1.345,11.56,0.0,181,0
run_20260725_202915_node,node,1784982799,182,20:33:19,stable,43,43,0,0.0,153.4,274.2,301.2,164.3,60.0,3,0,order-backend-84d78cc6d7-gmprk|order-backend-84d78cc6d7-l9l52|order-backend-84d78cc6d7-nzctx,212.3,1.292,22.9,0.0,182,0
run_20260725_202915_node,node,1784982800,183,20:33:20,stable,40,40,0,0.0,207.0,401.5,405.7,223.5,98.3,3,0,order-backend-84d78cc6d7-gmprk|order-backend-84d78cc6d7-l9l52|order-backend-84d78cc6d7-nzctx,212.3,1.891,40.48,0.0,183,0
run_20260725_202915_node,node,1784982801,184,20:33:21,stable,43,43,0,0.0,129.9,240.2,285.5,145.8,40.3,3,0,order-backend-84d78cc6d7-gmprk|order-backend-84d78cc6d7-l9l52|order-backend-84d78cc6d7-nzctx,212.3,1.131,2.9,0.0,184,0
run_20260725_202915_node,node,1784982802,185,20:33:22,stable,42,42,0,0.0,116.1,209.7,244.1,139.2,33.5,3,0,order-backend-84d78cc6d7-gmprk|order-backend-84d78cc6d7-l9l52|order-backend-84d78cc6d7-nzctx,212.3,0.988,-13.14,0.0,185,0
run_20260725_202915_node,node,1784982803,186,20:33:23,stable,42,42,0,0.0,170.9,349.3,371.9,186.4,66.5,3,0,order-backend-84d78cc6d7-gmprk|order-backend-84d78cc6d7-l9l52|order-backend-84d78cc6d7-nzctx,212.3,1.645,12.76,0.0,186,0
run_20260725_202915_node,node,1784982804,187,20:33:24,stable,42,42,0,0.0,132.0,566.8,749.9,243.9,107.2,3,0,order-backend-84d78cc6d7-gmprk|order-backend-84d78cc6d7-l9l52|order-backend-84d78cc6d7-nzctx,212.3,2.67,58.52,0.0,187,0
run_20260725_202915_node,node,1784982805,188,20:33:25,stable,41,41,0,0.0,124.8,346.2,438.6,150.6,47.4,3,0,order-backend-84d78cc6d7-gmprk|order-backend-84d78cc6d7-l9l52|order-backend-84d78cc6d7-nzctx,212.3,1.631,-11.06,0.0,188,0
run_20260725_202915_node,node,1784982806,189,20:33:26,stable,42,42,0,0.0,105.4,157.9,169.6,116.8,12.3,3,0,order-backend-84d78cc6d7-gmprk|order-backend-84d78cc6d7-l9l52|order-backend-84d78cc6d7-nzctx,212.3,0.744,-16.46,0.0,189,0
run_20260725_202915_node,node,1784982807,190,20:33:27,stable,39,39,0,0.0,108.0,188.8,222.3,126.8,21.9,3,0,order-backend-84d78cc6d7-gmprk|order-backend-84d78cc6d7-l9l52|order-backend-84d78cc6d7-nzctx,212.3,0.889,-4.18,0.0,190,0
run_20260725_202915_node,node,1784982808,191,20:33:28,stable,43,43,0,0.0,119.5,197.7,214.7,134.2,28.4,3,0,order-backend-84d78cc6d7-gmprk|order-backend-84d78cc6d7-l9l52|order-backend-84d78cc6d7-nzctx,212.3,0.931,-30.32,0.0,191,0
run_20260725_202915_node,node,1784982809,192,20:33:29,stable,42,42,0,0.0,109.7,192.1,225.3,129.4,25.1,3,0,order-backend-84d78cc6d7-gmprk|order-backend-84d78cc6d7-l9l52|order-backend-84d78cc6d7-nzctx,212.3,0.905,-74.94,0.0,192,0
run_20260725_202915_node,node,1784982810,193,20:33:30,stable,13,13,0,0.0,181.3,9092.1,9106.6,2306.4,97.0,3,0,order-backend-84d78cc6d7-gmprk|order-backend-84d78cc6d7-l9l52|order-backend-84d78cc6d7-nzctx,212.3,42.827,1749.18,0.0,193,0
run_20260725_202915_node,node,1784982811,194,20:33:31,stable,0,0,0,0.0,0.0,0.0,0.0,0.0,0.0,0,3,,212.3,0.0,-31.58,0.0,194,0
run_20260725_202915_node,node,1784982812,195,20:33:32,stable,0,0,0,0.0,0.0,0.0,0.0,0.0,0.0,0,3,,212.3,0.0,-37.76,0.0,195,0
run_20260725_202915_node,node,1784982813,196,20:33:33,stable,0,0,0,0.0,0.0,0.0,0.0,0.0,0.0,0,3,,212.3,0.0,-39.54,0.0,196,0
run_20260725_202915_node,node,1784982814,197,20:33:34,stable,0,0,0,0.0,0.0,0.0,0.0,0.0,0.0,0,3,,212.3,0.0,-38.42,0.0,197,0
run_20260725_202915_node,node,1784982815,198,20:33:35,stable,0,0,0,0.0,0.0,0.0,0.0,0.0,0.0,0,3,,212.3,0.0,-1818.42,0.0,198,0
run_20260725_202915_node,node,1784982816,199,20:33:36,stable,0,0,0,0.0,0.0,0.0,0.0,0.0,0.0,0,3,,212.3,0.0,0.0,0.0,199,0
run_20260725_202915_node,node,1784982817,200,20:33:37,stable,0,0,0,0.0,0.0,0.0,0.0,0.0,0.0,0,3,,212.3,0.0,0.0,0.0,200,0
run_20260725_202915_node,node,1784982818,201,20:33:38,stable,0,0,0,0.0,0.0,0.0,0.0,0.0,0.0,0,3,,212.3,0.0,0.0,0.0,201,0
run_20260725_202915_node,node,1784982819,202,20:33:39,stable,70,45,25,0.3571,3385.7,5471.9,5712.1,3160.4,565.9,3,0,order-backend-84d78cc6d7-gmprk|order-backend-84d78cc6d7-l9l52|order-backend-84d78cc6d7-nzctx,212.3,25.774,1094.38,0.0714,202,0
run_20260725_202915_node,node,1784982820,203,20:33:40,stable,34,19,15,0.4412,5143.3,5400.8,5459.8,4908.8,1792.1,2,1,order-backend-84d78cc6d7-gmprk|order-backend-84d78cc6d7-l9l52,212.3,25.439,1080.16,0.1597,203,0
run_20260725_202915_node,node,1784982821,204,20:33:41,stable,13,11,2,0.1538,3896.5,5176.7,5695.1,4124.4,1712.9,3,0,order-backend-84d78cc6d7-gmprk|order-backend-84d78cc6d7-l9l52|order-backend-84d78cc6d7-nzctx,212.3,24.384,1035.34,0.1904,204,0
run_20260725_202915_node,node,1784982822,205,20:33:42,stable,24,14,10,0.4167,4109.6,6033.3,6072.7,4362.3,840.4,3,0,order-backend-84d78cc6d7-gmprk|order-backend-84d78cc6d7-l9l52|order-backend-84d78cc6d7-nzctx,212.3,28.419,1206.66,0.2738,205,0
run_20260725_202915_node,node,1784982823,206,20:33:43,stable,7,7,0,0.0,2603.3,3193.5,3193.5,2268.5,950.2,2,1,order-backend-84d78cc6d7-gmprk|order-backend-84d78cc6d7-l9l52,212.3,15.042,638.7,0.2738,206,0
run_20260725_202915_node,node,1784982824,207,20:33:44,stable,15,10,5,0.3333,2323.7,5224.1,5226.2,2965.2,1062.8,3,0,order-backend-84d78cc6d7-gmprk|order-backend-84d78cc6d7-l9l52|order-backend-84d78cc6d7-nzctx,212.3,24.607,-49.56,0.269,207,0
run_20260725_202915_node,node,1784982825,208,20:33:45,stable,60,45,15,0.25,2269.0,5129.3,5254.2,2431.7,940.7,3,0,order-backend-84d78cc6d7-gmprk|order-backend-84d78cc6d7-l9l52|order-backend-84d78cc6d7-nzctx,212.3,24.161,-54.3,0.2308,208,0
run_20260725_202915_node,node,1784982826,209,20:33:46,stable,30,19,11,0.3667,2662.5,5471.3,5481.3,3253.7,1568.4,2,1,order-backend-84d78cc6d7-gmprk|order-backend-84d78cc6d7-l9l52,212.3,25.772,58.92,0.2733,209,0
run_20260725_202915_node,node,1784982827,210,20:33:47,stable,6,3,3,0.5,1813.6,5322.0,5322.0,3301.3,263.2,2,1,order-backend-84d78cc6d7-gmprk|order-backend-84d78cc6d7-nzctx,212.3,25.068,-142.26,0.29,210,0
run_20260725_202915_node,node,1784982828,211,20:33:48,stable,35,22,13,0.3714,1251.0,5029.9,5143.3,2373.9,487.7,3,0,order-backend-84d78cc6d7-gmprk|order-backend-84d78cc6d7-l9l52|order-backend-84d78cc6d7-nzctx,212.3,23.692,367.28,0.3643,211,0
run_20260725_202915_node,node,1784982829,212,20:33:49,stable,56,37,19,0.3393,974.7,5065.0,5315.1,2212.9,543.7,3,0,order-backend-84d78cc6d7-gmprk|order-backend-84d78cc6d7-l9l52|order-backend-84d78cc6d7-nzctx,212.3,23.858,-31.82,0.3655,212,0
run_20260725_202915_node,node,1784982830,213,20:33:50,stable,51,44,7,0.1373,1278.0,5052.0,5062.4,1892.5,1133.7,2,1,order-backend-84d78cc6d7-gmprk|order-backend-84d78cc6d7-l9l52,212.3,23.797,-15.46,0.3429,213,0
run_20260725_202915_node,node,1784982831,214,20:33:51,stable,53,52,1,0.0189,2136.2,3524.8,5086.7,2214.4,1897.6,2,1,order-backend-84d78cc6d7-gmprk|order-backend-84d78cc6d7-l9l52,212.3,16.603,-389.3,0.2734,214,0
run_20260725_202915_node,node,1784982832,215,20:33:52,stable,63,63,0,0.0,2654.2,4427.2,4493.3,2689.7,2333.9,3,0,order-backend-84d78cc6d7-gmprk|order-backend-84d78cc6d7-l9l52|order-backend-84d78cc6d7-nzctx,212.3,20.854,-178.96,0.1734,215,0
run_20260725_202915_node,node,1784982833,216,20:33:53,stable,51,51,0,0.0,2899.0,4562.6,4650.6,2972.0,2762.0,3,0,order-backend-84d78cc6d7-gmprk|order-backend-84d78cc6d7-l9l52|order-backend-84d78cc6d7-nzctx,212.3,21.491,-93.46,0.0991,216,0
run_20260725_202915_node,node,1784982834,217,20:33:54,stable,0,0,0,0.0,0.0,0.0,0.0,0.0,0.0,0,3,,212.3,0.0,-1013.0,0.0312,217,0
run_20260725_202915_node,node,1784982835,218,20:33:55,stable,0,0,0,0.0,0.0,0.0,0.0,0.0,0.0,0,3,,212.3,0.0,-1010.4,0.0038,218,0
run_20260725_202915_node,node,1784982836,219,20:33:56,stable,106,103,3,0.0283,1192.5,2687.1,5072.6,1298.5,1059.8,3,0,order-backend-84d78cc6d7-gmprk|order-backend-84d78cc6d7-l9l52|order-backend-84d78cc6d7-nzctx,212.3,12.657,-167.54,0.0057,219,0
run_20260725_202915_node,node,1784982837,220,20:33:57,stable,133,127,6,0.0451,2824.2,4576.7,5064.0,2996.7,2751.2,3,0,order-backend-84d78cc6d7-gmprk|order-backend-84d78cc6d7-l9l52|order-backend-84d78cc6d7-nzctx,212.3,21.558,29.9,0.0147,220,0
run_20260725_202915_node,node,1784982838,221,20:33:58,stable,55,50,5,0.0909,3561.2,5012.3,5046.8,3795.5,3531.5,3,0,order-backend-84d78cc6d7-gmprk|order-backend-84d78cc6d7-l9l52|order-backend-84d78cc6d7-nzctx,212.3,23.61,89.94,0.0329,221,0
run_20260725_202915_node,node,1784982839,222,20:33:59,stable,55,51,4,0.0727,3265.8,5015.1,5029.9,3580.7,3327.7,3,0,order-backend-84d78cc6d7-gmprk|order-backend-84d78cc6d7-l9l52|order-backend-84d78cc6d7-nzctx,212.3,23.623,1003.02,0.0474,222,0
run_20260725_202915_node,node,1784982840,223,20:34:00,stable,55,52,3,0.0545,3201.8,5039.4,5506.6,3603.6,3370.6,3,0,order-backend-84d78cc6d7-gmprk|order-backend-84d78cc6d7-l9l52|order-backend-84d78cc6d7-nzctx,212.3,23.737,1007.88,0.0583,223,0
run_20260725_202915_node,node,1784982841,224,20:34:01,stable,34,32,2,0.0588,2732.6,4836.8,5060.7,3054.2,2750.3,3,0,order-backend-84d78cc6d7-gmprk|order-backend-84d78cc6d7-l9l52|order-backend-84d78cc6d7-nzctx,212.3,22.783,429.94,0.0644,224,0
run_20260725_202915_node,node,1784982842,225,20:34:02,stable,69,60,9,0.1304,2900.0,5012.0,5050.1,3127.6,2691.1,3,0,order-backend-84d78cc6d7-gmprk|order-backend-84d78cc6d7-l9l52|order-backend-84d78cc6d7-nzctx,212.3,23.608,87.06,0.0815,225,0
run_20260725_202915_node,node,1784982843,226,20:34:03,stable,41,39,2,0.0488,3343.3,4974.9,5008.2,3489.2,3247.1,3,0,order-backend-84d78cc6d7-gmprk|order-backend-84d78cc6d7-l9l52|order-backend-84d78cc6d7-nzctx,212.3,23.433,-7.48,0.073,226,0
run_20260725_202915_node,node,1784982844,227,20:34:04,stable,41,41,0,0.0,3333.3,4705.0,4732.2,3526.5,3397.1,3,0,order-backend-84d78cc6d7-gmprk|order-backend-84d78cc6d7-l9l52|order-backend-84d78cc6d7-nzctx,212.3,22.162,-62.02,0.0585,227,0
run_20260725_202915_node,node,1784982845,228,20:34:05,stable,33,33,0,0.0,2412.9,4383.0,4507.3,2778.9,2653.0,3,0,order-backend-84d78cc6d7-gmprk|order-backend-84d78cc6d7-l9l52|order-backend-84d78cc6d7-nzctx,212.3,20.645,-131.28,0.0476,228,0
run_20260725_202915_node,node,1784982846,229,20:34:06,stable,41,41,0,0.0,2060.2,3855.7,3898.2,2278.3,2102.3,3,0,order-backend-84d78cc6d7-gmprk|order-backend-84d78cc6d7-l9l52|order-backend-84d78cc6d7-nzctx,212.3,18.162,-196.22,0.0358,229,0
run_20260725_202915_node,node,1784982847,230,20:34:07,stable,40,40,0,0.0,2001.7,3548.2,3583.1,2253.4,2140.8,3,0,order-backend-84d78cc6d7-gmprk|order-backend-84d78cc6d7-l9l52|order-backend-84d78cc6d7-nzctx,212.3,16.713,-292.76,0.0098,230,0
run_20260725_202915_node,node,1784982848,231,20:34:08,stable,42,42,0,0.0,1748.1,3125.9,3247.4,1883.4,1779.3,3,0,order-backend-84d78cc6d7-gmprk|order-backend-84d78cc6d7-l9l52|order-backend-84d78cc6d7-nzctx,212.3,14.724,-369.8,0.0,231,0
run_20260725_202915_node,node,1784982849,232,20:34:09,stable,42,42,0,0.0,1443.0,2717.8,2759.1,1895.2,1790.4,3,0,order-backend-84d78cc6d7-gmprk|order-backend-84d78cc6d7-l9l52|order-backend-84d78cc6d7-nzctx,212.3,12.802,-397.44,0.0,232,0
run_20260725_202915_node,node,1784982850,233,20:34:10,stable,42,42,0,0.0,1036.4,2622.4,2643.5,1499.5,1395.1,3,0,order-backend-84d78cc6d7-gmprk|order-backend-84d78cc6d7-l9l52|order-backend-84d78cc6d7-nzctx,212.3,12.352,-352.12,0.0,233,0
run_20260725_202915_node,node,1784982851,234,20:34:11,stable,42,42,0,0.0,755.1,2395.2,2460.8,1267.5,1163.1,3,0,order-backend-84d78cc6d7-gmprk|order-backend-84d78cc6d7-l9l52|order-backend-84d78cc6d7-nzctx,212.3,11.282,-292.1,0.0,234,0
run_20260725_202915_node,node,1784982852,235,20:34:12,stable,42,42,0,0.0,413.0,2196.8,2221.9,992.3,888.4,3,0,order-backend-84d78cc6d7-gmprk|order-backend-84d78cc6d7-l9l52|order-backend-84d78cc6d7-nzctx,212.3,10.348,-270.28,0.0,235,0
run_20260725_202915_node,node,1784982853,236,20:34:13,stable,42,42,0,0.0,135.1,2090.5,2098.6,887.7,784.1,3,0,order-backend-84d78cc6d7-gmprk|order-backend-84d78cc6d7-l9l52|order-backend-84d78cc6d7-nzctx,212.3,9.847,-207.08,0.0,236,0
run_20260725_202915_node,node,1784982854,237,20:34:14,stable,42,42,0,0.0,125.0,1887.0,1894.2,590.2,487.2,3,0,order-backend-84d78cc6d7-gmprk|order-backend-84d78cc6d7-l9l52|order-backend-84d78cc6d7-nzctx,212.3,8.888,-166.16,0.0,237,0
run_20260725_202915_node,node,1784982855,238,20:34:15,stable,32,32,0,0.0,162.2,1535.9,1543.6,765.5,661.9,3,0,order-backend-84d78cc6d7-gmprk|order-backend-84d78cc6d7-l9l52|order-backend-84d78cc6d7-nzctx,212.3,7.235,-217.3,0.0,238,0
