run_id,fault_type,scenario,data_source,t_rel,req_count,err_rate,p50_ms,p95_ms,max_ms,active_pods,p50_ratio,tail_ratio
s3_net_part_01,network_partition,3,measured,-21.4,24,0.0,116.9,146.8,224.5,3,0.998,1.256
s3_net_part_01,network_partition,3,measured,-20.4,41,0.0244,158.2,277.0,356.0,3,1.35,1.751
s3_net_part_01,network_partition,3,measured,-19.4,43,0.0,164.7,656.4,703.5,3,1.406,3.985
s3_net_part_01,network_partition,3,measured,-18.4,41,0.0,182.4,489.3,518.5,3,1.557,2.683
s3_net_part_01,network_partition,3,measured,-17.4,43,0.0,117.9,187.8,348.1,3,1.006,1.593
s3_net_part_01,network_partition,3,measured,-16.4,42,0.0,110.5,197.1,200.1,3,0.943,1.784
s3_net_part_01,network_partition,3,measured,-15.4,42,0.0238,117.4,166.9,172.2,3,1.002,1.422
s3_net_part_01,network_partition,3,measured,-14.4,41,0.0,126.3,186.5,203.2,3,1.078,1.477
s3_net_part_01,network_partition,3,measured,-13.4,43,0.0,112.9,202.4,221.7,3,0.964,1.793
s3_net_part_01,network_partition,3,measured,-12.4,41,0.0,111.2,208.7,252.3,3,0.949,1.877
s3_net_part_01,network_partition,3,measured,-11.4,43,0.0,108.2,157.4,168.6,3,0.924,1.455
s3_net_part_01,network_partition,3,measured,-10.4,41,0.0,111.3,165.1,170.5,3,0.95,1.483
s3_net_part_01,network_partition,3,measured,-9.4,43,0.0,111.1,197.1,278.8,3,0.948,1.774
s3_net_part_01,network_partition,3,measured,-8.4,42,0.0,112.7,191.7,213.7,3,0.962,1.701
s3_net_part_01,network_partition,3,measured,-7.4,41,0.0,129.0,193.4,277.8,3,1.101,1.499
s3_net_part_01,network_partition,3,measured,-6.4,43,0.0,114.4,174.4,197.9,3,0.977,1.524
s3_net_part_01,network_partition,3,measured,-5.4,42,0.0,141.8,237.2,254.2,3,1.21,1.673
s3_net_part_01,network_partition,3,measured,-4.4,42,0.0,111.1,279.0,291.2,3,0.948,2.511
s3_net_part_01,network_partition,3,measured,-3.4,41,0.0,148.9,315.4,368.6,3,1.271,2.118
s3_net_part_01,network_partition,3,measured,-2.4,43,0.0,115.2,192.5,197.2,3,0.983,1.671
s3_net_part_01,network_partition,3,measured,-1.4,42,0.0238,119.0,181.6,193.0,3,1.016,1.526
s3_net_part_01,network_partition,3,measured,-0.4,42,0.0,141.3,224.2,266.3,3,1.206,1.587
s3_net_part_01,network_partition,3,measured,0.6,42,0.0238,138.2,263.6,291.4,3,1.18,1.907
s3_net_part_01,network_partition,3,measured,1.6,42,0.0238,139.5,209.2,248.8,3,1.191,1.5
s3_net_part_01,network_partition,3,measured,2.6,41,0.0244,185.9,324.1,459.5,3,1.587,1.743
s3_net_part_01,network_partition,3,measured,3.6,42,0.0,156.0,483.2,566.8,3,1.332,3.097
s3_net_part_01,network_partition,3,measured,4.6,43,0.0233,284.1,385.1,451.9,3,2.425,1.356
s3_net_part_01,network_partition,3,measured,5.6,42,0.0,332.1,591.7,1055.0,3,2.835,1.782
s3_net_part_01,network_partition,3,measured,6.6,41,0.0,606.4,769.5,803.2,2,5.176,1.269
s3_net_part_01,network_partition,3,measured,7.6,43,0.0,482.2,760.6,778.5,2,4.116,1.577
s3_net_part_01,network_partition,3,measured,8.6,42,0.0238,678.7,868.3,1057.9,2,5.793,1.279
s3_net_part_01,network_partition,3,measured,9.6,42,0.0,769.2,981.5,1032.4,2,6.566,1.276
s3_net_part_01,network_partition,3,measured,10.6,41,0.0,1071.0,1344.1,1399.0,2,9.142,1.255
s3_net_part_01,network_partition,3,measured,11.6,42,0.0,1451.9,1682.1,1713.0,2,12.394,1.159
s3_net_part_01,network_partition,3,measured,12.6,43,0.0,402.3,1651.4,1682.7,2,3.434,4.105
s3_net_part_01,network_partition,3,measured,13.6,41,0.0,605.1,1625.0,1659.3,2,5.165,2.686
s3_net_part_01,network_partition,3,measured,14.6,43,0.0,1529.0,1645.2,1664.4,2,13.052,1.076
s3_net_part_01,network_partition,3,measured,15.6,41,0.0,810.5,1727.1,1735.7,2,6.918,2.131
s3_net_part_01,network_partition,3,measured,16.6,43,0.0,1510.6,1740.1,1767.7,2,12.895,1.152
s3_net_part_01,network_partition,3,measured,17.6,41,0.0,1726.8,1909.5,3830.3,2,14.74,1.106
s3_net_part_01,network_partition,3,measured,18.6,43,0.0,1012.3,1938.9,1982.5,2,8.641,1.915
s3_net_part_01,network_partition,3,measured,19.6,42,0.0,1034.0,2086.5,2128.1,2,8.826,2.018
s3_net_part_01,network_partition,3,measured,20.6,41,0.0,1250.3,2037.8,2045.4,2,10.673,1.63
s3_net_part_01,network_partition,3,measured,21.6,42,0.0,1452.4,1956.1,1973.3,2,12.398,1.347
s3_net_part_01,network_partition,3,measured,22.6,42,0.0,1800.2,3050.6,3101.6,2,15.367,1.695
s3_net_part_01,network_partition,3,measured,23.6,42,0.0,2231.8,3157.3,3197.5,2,19.051,1.415
s3_net_part_01,network_partition,3,measured,24.6,43,0.0233,2408.8,3201.7,5032.9,2,20.562,1.329
s3_net_part_01,network_partition,3,measured,25.6,42,0.0,2772.4,3023.7,3062.9,2,23.665,1.091
s3_net_part_01,network_partition,3,measured,26.6,41,0.0,2865.1,2951.6,2961.6,2,24.457,1.03
s3_net_part_01,network_partition,3,measured,27.6,42,0.0238,2966.1,3253.4,3271.4,2,25.319,1.097
s3_net_part_01,network_partition,3,measured,28.6,43,0.0,3253.8,3439.0,3497.9,2,27.775,1.057
s3_net_part_01,network_partition,3,measured,29.6,42,0.0,2669.8,3591.9,3603.7,2,22.79,1.345
s3_net_part_01,network_partition,3,measured,30.6,41,0.0,3503.7,3693.8,3705.8,2,29.908,1.054
s3_net_part_01,network_partition,3,measured,31.6,43,0.0233,3676.6,3827.9,5008.5,2,31.384,1.041
s3_net_part_01,network_partition,3,measured,32.6,42,0.0,3630.0,3874.9,3892.0,2,30.986,1.067
s3_net_part_01,network_partition,3,measured,33.6,42,0.0238,2815.7,4052.7,5012.3,2,24.035,1.439
s3_net_part_01,network_partition,3,measured,34.6,41,0.0,3978.7,4141.7,4149.7,2,33.962,1.041
s3_net_part_01,network_partition,3,measured,35.6,43,0.0233,2875.5,4305.4,4315.0,2,24.545,1.497
s3_net_part_01,network_partition,3,measured,36.6,41,0.0488,2859.3,4262.9,4286.7,2,24.407,1.491
s3_net_part_01,network_partition,3,measured,37.6,42,0.0,2949.2,4367.4,4389.5,2,25.175,1.481
s3_net_part_01,network_partition,3,measured,38.6,43,0.0,4311.4,4535.8,4567.5,2,36.802,1.052
s3_net_part_01,network_partition,3,measured,39.6,41,0.0244,4517.5,4686.8,5014.7,2,38.562,1.037
s3_net_part_01,network_partition,3,measured,40.6,42,0.0,3035.9,4691.2,4752.2,2,25.915,1.545
s3_net_part_01,network_partition,3,measured,41.6,43,0.0233,3049.1,4790.1,5012.1,2,26.027,1.571
s3_net_part_01,network_partition,3,measured,42.6,41,0.0244,4732.8,4869.3,5013.9,2,40.399,1.029
s3_net_part_01,network_partition,3,measured,43.6,43,0.0,3350.8,4791.2,4868.6,2,28.603,1.43
s3_net_part_01,network_partition,3,measured,44.6,41,0.0244,4675.9,4970.3,5055.9,2,39.914,1.063
s3_net_part_01,network_partition,3,measured,45.6,42,0.2143,4844.4,5017.7,5020.4,2,41.352,1.036
s3_net_part_01,network_partition,3,measured,46.6,42,0.4286,3483.8,5014.1,5017.7,2,29.738,1.439
s3_net_part_01,network_partition,3,measured,47.6,43,0.5814,5010.1,5017.6,5020.1,1,42.767,1.001
s3_net_part_01,network_partition,3,measured,48.6,41,0.5122,5008.6,5015.1,5017.9,1,42.754,1.001
s3_net_part_01,network_partition,3,measured,49.6,43,0.5581,5005.9,5068.4,5091.0,2,42.731,1.012
s3_net_part_01,network_partition,3,measured,50.6,42,0.5238,3504.4,5084.4,5110.1,1,29.914,1.451
s3_net_part_01,network_partition,3,measured,51.6,41,0.6341,5010.4,5039.7,5054.2,1,42.769,1.006
s3_net_part_01,network_partition,3,measured,52.6,43,0.4884,3443.8,5018.7,5026.2,1,29.397,1.457
s3_net_part_01,network_partition,3,measured,53.6,42,0.5238,5004.8,5019.5,5023.6,1,42.721,1.003
s3_net_part_01,network_partition,3,measured,54.6,41,0.5122,5003.9,5015.9,5034.1,1,42.714,1.002
s3_net_part_01,network_partition,3,measured,55.6,43,0.4419,3599.0,5036.6,5108.4,1,30.721,1.399
s3_net_part_01,network_partition,3,measured,56.6,42,0.5714,5009.6,5044.8,5049.7,1,42.762,1.007
s3_net_part_01,network_partition,3,measured,57.6,42,0.619,5009.7,5022.0,5037.8,1,42.763,1.002
s3_net_part_01,network_partition,3,measured,58.6,18,0.5556,5008.8,5019.9,5035.6,1,42.755,1.002
